OBJECTID,AREA,PERIMETER,DAMS500G_,DAMS500G_I,STATION,NAME,X_COORD,Y_COORD,TYPE,ALIAS,FEAT_ID,AREA_KM2,Shape_Length,Shape_Area
1,5.60904155e-05,0.0616832711,2,110097, ,Scroda,29.433691,-22.1913395,RESERVOIR, ,0,5.6090417e-11,0.06168327007215,5.60904111513573e-05
2,4.93340667e-06,0.0106032677,3,110094, ,Lizzulea,29.328949,-22.3440895,RESERVOIR, ,0,4.93340655e-12,0.0106032678682022,4.93340691279904e-06
3,1.81808082e-05,0.0525042862,4,604,A7R001Q01,Dr Neethling,29.8544827,-22.54002,RESERVOIR, ,0,1.81808076e-11,0.0525042855239778,1.81808069641467e-05
4,0.000158509487,0.165149614,5,2,A8R003Q01,Nwanedi,30.4011345,-22.6354198,RESERVOIR,Nwanedzi Luphephe,0,1.58509483e-10,0.165149621683967,0.00015850948811895
5,0.000575302693,0.342698932,6,3,A8R001Q01,Nzhelele,30.0999088,-22.7394009,RESERVOIR, ,0,5.75302694e-10,0.342698921801017,0.000575302705851878
6,7.19506716e-06,0.0108727394,7,0,A8R001Q01,Nzhelele,30.100996,-22.7310905,ISLAND, ,0,7.19506702e-12,0.0108727403804484,7.19506708316855e-06
7,0.000131285196,0.0918233395,8,110117, ,Fundudzi,30.3127308,-22.8490791,NATURAL, ,0,1.31285191e-10,0.0918233422830757,0.00013128519251124
8,0.000133153429,0.0938505903,9,110096,A9R002Q01,Vondo,30.3445969,-22.9475803,RESERVOIR, ,0,1.33153433e-10,0.0938505921576395,0.000133153432990022
9,4.60567317e-05,0.0429524817,10,110012,A8R001Q01,Mutshedzi,30.1744747,-22.9469891,RESERVOIR, ,0,4.60567313e-11,0.0429524835477769,4.60567321632248e-05
10,0.000288141659,0.276902407,11,4,A9R001Q01,Albasini,30.093998,-23.1022606,RESERVOIR, ,0,2.88141649e-10,0.276902403177154,0.000288141663800187
11,7.88557227e-05,0.132468209,12,6,B9H003Q01,Kanniedood,31.4613686,-23.1427498,RESERVOIR, ,0,7.88557206e-11,0.132468209744841,7.88557126126788e-05
12,0.000386406551,0.33700341,13,0,A6R002Q01,Glen Alpine,28.683115,-23.2107105,RESERVOIR, ,0,3.86406546e-10,0.337003396227495,0.000386406544693922
13,0.000457277492,0.22971563,14,7,B8R009Q01,Nsami,30.7640743,-23.2516003,RESERVOIR,Hudson Ntsanwisi,0,4.57277494e-10,0.229715628646076,0.000457277504428111
14,3.46547458e-05,0.0351338014,15,0, ,Rooibosrand,31.1688042,-23.2600098,RESERVOIR, ,0,3.46547444e-11,0.0351338018482616,3.46547478605703e-05
15,0.000439078955,0.275340766,16,589,B8R007Q01,Middle Letaba,30.4029446,-23.27845,RESERVOIR, ,0,4.39078968e-10,0.275340763145279,0.000439078955141219
16,1.89974708e-05,0.0426770486,17,605,A5R002Q01,Susandal,28.023056,-23.3828506,RESERVOIR,Susandale,0,1.89974703e-11,0.042677049181068,1.89974701877573e-05
17,7.72018102e-05,0.107747458,18,0, ,Lornadawn,30.119894,-23.4828701,RESERVOIR, ,0,7.72018074e-11,0.107747456852855,7.72018104940858e-05
18,8.02924478e-06,0.0304815155,19,500,A5R001Q01,Vischgat,28.1626072,-23.6313705,RESERVOIR, ,0,8.0292448e-12,0.0304815163352663,8.02924356486787e-06
19,1.89762559e-05,0.0660175979,20,0,B8H034,Black Heron,31.2104588,-23.6960602,RESERVOIR, ,0,1.89762563e-11,0.0660175937561395,1.89762566291128e-05
20,9.3903509e-07,0.00544823986,21,110044,B8R010Q01,Jasi,30.52668,-23.7291698,RESERVOIR, ,0,9.39035091e-13,0.00544823851809706,9.39035193011891e-07
21,3.26513618e-05,0.0396607034,22,588,B8R002Q01,Hans Merensky,30.105032,-23.7480202,RESERVOIR, ,0,3.26513608e-11,0.0396606996106677,3.26513615294216e-05
22,0.00167893094,0.894274473,23,11,B8R005Q01,Tzaneen,30.1501961,-23.7876606,RESERVOIR, ,0,1.67893099e-09,0.894274477454832,0.00167893091115318
23,6.30873037e-05,0.0579889454,24,110107, ,Hout River,29.228756,-23.7740803,RESERVOIR,Hout River,0,6.30873062e-11,0.0579889462666099,6.30873054964311e-05
24,5.35870895e-05,0.0602577142,25,587,B8R003Q01,Magoebaskloof,30.0522556,-23.8166294,RESERVOIR, ,0,5.35870896e-11,0.0602577133456885,5.35870900426954e-05
25,0.00915893167,1.53859925,26,501, ,Massingir,32.0152702,-23.8775101,RESERVOIR, ,0,9.15893139e-09,1.53859927134914,0.00915893198032656
26,3.12935008e-05,0.0407504402,27,110103, ,Cramer,30.3108063,-23.8631706,RESERVOIR, ,0,3.12935025e-11,0.0407504415683723,3.12934998487733e-05
27,2.43286195e-05,0.0218129288,28,0, ,Turfloop,29.7734852,-23.8842392,RESERVOIR, ,0,2.4328619e-11,0.0218129284745353,2.43286209565592e-05
28,0.000175930996,0.216616496,29,0,B8R001Q01,Ebenezer,29.982666,-23.9352303,RESERVOIR, ,0,1.75930992e-10,0.216616493084885,0.000175930991510937
29,1.46953971e-06,0.0066749407,30,0, ,Massingir,31.9023342,-23.9434395,ISLAND, ,0,1.46953966e-12,0.00667494149900863,1.46953969379049e-06
30,0.000733605179,0.396672219,31,13,A4R001Q01,Mokolo,27.7685947,-23.9902401,RESERVOIR,Hans Strijdom,0,7.33605177e-10,0.396672219317532,0.000733605176248808
31,0.00019113718,0.0731799901,32,0, ,Palabora,31.1678238,-24.0096607,RESERVOIR, ,0,1.91137176e-10,0.073179991655192,0.000191137178459542
32,0.00010384107,0.179098576,33,110086,B7R002Q01,Phalaborwa Barrage,31.1359158,-24.0726795,RESERVOIR, ,0,1.03841068e-10,0.179098568905968,0.000103841074970922
33,8.00743874e-06,0.0210754182,34,0,A6R004Q01,Gert Combrink,29.0320969,-24.1630898,RESERVOIR, ,0,8.00743846e-12,0.0210754172132262,8.00743955698366e-06
34,5.89135925e-05,0.0539010316,35,3496,A2R004Q01,Chuniespoort,29.4940777,-24.2025394,RESERVOIR,Ga-Tshwene,0,5.89135893e-11,0.0539010319655412,5.89135922941477e-05
35,2.13173716e-05,0.0335368626,36,110102, ,Mogoto,29.2220497,-24.2684307,RESERVOIR, ,0,2.13173715e-11,0.033536861723038,2.13173713916098e-05
36,3.54923686e-05,0.0349461511,37,0,B5H001Q01,Nkumpi1,29.3144093,-24.2840309,RESERVOIR, ,0,3.54923695e-11,0.0349461502950603,3.54923711477218e-05
37,0.000509359466,0.227184355,38,17,A6R001Q01,Doorndraai,28.7557983,-24.2985592,RESERVOIR, ,0,5.09359444e-10,0.227184350175851,0.000509359469652446
38,8.54262398e-05,0.0558144823,39,0,B5H001Q01,Nkumpi2,29.3152657,-24.2936897,RESERVOIR, ,0,8.54262425e-11,0.0558144837065021,8.54262412451842e-05
39,9.68141685e-05,0.0847597942,40,21,B7R001Q01,Klaserie,31.0625095,-24.5298691,RESERVOIR,Jan Wassenaar,0,9.68141678e-11,0.0847597964923807,9.68141662507622e-05
40,0.000237742875,0.190312326,41,0,B6R003Q01,Blyderivierspoort,30.8015289,-24.5436001,RESERVOIR, ,0,2.37742881e-10,0.190312317589584,0.000237742865847796
41,0.000110726127,0.117665857,42,20, ,Piet Gouws,29.6186295,-24.5713501,RESERVOIR, ,0,1.1072613e-10,0.117665851865168,0.000110726129957797
42,3.85987732e-06,0.0086153103,43,110077,B5R001Q01,Klavervalley,29.0386925,-24.6158791,RESERVOIR, ,0,3.85987726e-12,0.0086153101475953,3.85987731464955e-06
43,3.05796275e-05,0.0347683541,44,0,A6R003Q01,Donkerpoort,28.3213463,-24.6659393,RESERVOIR, ,0,3.05796291e-11,0.0347683555964902,3.05796297708788e-05
44,0.000786482589,0.264549106,45,0, ,Gaborone,25.9066963,-24.7178192,RESERVOIR, ,0,7.86482601e-10,0.264549115527419,0.000786482580644441
45,0.00103937148,0.401318789,46,231,B5R002Q01,Flag Boshielo,29.4401455,-24.8271694,RESERVOIR,Arabie,0,1.03937148e-09,0.401318804190351,0.00103937152268813
46,2.09632726e-05,0.0263173804,47,24, ,Lola Montes,29.4940586,-24.8194008,RESERVOIR, ,0,2.09632728e-11,0.0263173799495653,2.09632724147915e-05
47,1.55443213e-05,0.0250991508,48,0, ,Buffelspruit443KR,28.2072525,-24.8239193,RESERVOIR, ,0,1.5544321e-11,0.0250991513570631,1.55443212101444e-05
48,5.73074212e-05,0.0749977157,49,505,A2R008Q01,Warmbad,28.2411537,-24.8472099,RESERVOIR, ,0,5.73074227e-11,0.0749977172445005,5.73074224259631e-05
49,1.02092999e-05,0.0193166398,50,0, ,Roodepoort467KR,28.2597847,-24.8629398,RESERVOIR, ,0,1.02093004e-11,0.0193166419833306,1.0209299920898e-05
50,3.16110672e-05,0.0663973764,51,110116,X3R002Q01,Inyaka,31.0848579,-24.8843498,RESERVOIR,Injaka,0,3.16110679e-11,0.0663973772280832,3.1611066286336e-05
51,0.000114786279,0.0621887073,52,0,A2R010Q01,Bierspruit,27.1355801,-24.9169502,RESERVOIR, ,0,1.14786278e-10,0.0621887044334712,0.000114786269969365
52,6.69451838e-05,0.0647208467,53,26,B6R001Q01,Ohrigstad,30.6330795,-24.9389992,RESERVOIR, ,0,6.69451855e-11,0.0647208476900798,6.69451831592138e-05
53,7.44620047e-06,0.0132277133,54,0,B4R004Q01,Buffelskloof,30.2635765,-24.9552593,RESERVOIR, ,0,7.44620077e-12,0.0132277139896474,7.44620120700975e-06
54,0.000159570307,0.186244324,55,507,B3R005Q01,Rhenosterkop,28.897686,-25.0949707,RESERVOIR, ,0,1.59570301e-10,0.186244328879905,0.000159570319167171
55,0.00457748538,0.953064978,56,540, ,Corumana,32.1140747,-25.1601391,RESERVOIR, ,188209,4.5774855e-09,0.953064975471895,0.00457748522268905
56,7.12837209e-06,0.0254515428,57,110082,B4R003Q01,Mapochs,29.8824558,-25.1023808,RESERVOIR, ,0,7.12837211e-12,0.0254515439952147,7.12837316694976e-06
57,4.24145401e-05,0.0447110347,58,0, ,Kromspruit019JP,26.4974232,-25.1147099,RESERVOIR, ,0,4.24145406e-11,0.0447110340022726,4.241454277535e-05
58,0.001261172,0.359773606,59,30,A2R012Q01,Klipvoor,27.8234386,-25.1466599,RESERVOIR, ,0,1.26117206e-09,0.359773611837261,0.00126117198591159
59,0.000105657149,0.114449911,60,313,X3R001Q01,Da Gama,31.0174713,-25.1497307,RESERVOIR, ,0,1.0565715e-10,0.114449906155347,0.000105657153281206
60,0.000184220436,0.143271342,61,314,X2R002Q01,Klipkopjes,31.0034351,-25.2066097,RESERVOIR,Klipkoppies,0,1.84220431e-10,0.143271341784013,0.000184220429884899
61,0.000235944288,0.0873220935,62,591,A1R001Q01,Ngotwane,25.808567,-25.2121792,RESERVOIR, ,0,2.35944292e-10,0.0873220924243464,0.00023594428567849
62,0.000171933658,0.123261422,63,315,X2R003Q01,Witklip,30.8939419,-25.2250595,RESERVOIR, ,0,1.71933662e-10,0.123261425420094,0.000171933656333396
63,9.51465263e-05,0.0508099161,64,0, ,Uitkyk22JP,26.4488049,-25.2201996,RESERVOIR, ,0,9.51465295e-11,0.0508099149077942,9.5146526585183e-05
64,0.000414024835,0.213289201,65,32,B3R001Q01,Rust De Winter,28.4915829,-25.2288303,RESERVOIR, ,0,4.14024842e-10,0.213289191289945,0.000414024830811176
65,9.85539918e-06,0.0154386554,66,508,B4R002Q01,Vlugkraal,29.951292,-25.2301502,RESERVOIR, ,0,9.85539948e-12,0.0154386556846749,9.85539941151734e-06
66,4.67864447e-05,0.0788509995,67,586,X2R001Q01,Longmere (Witrivier),31.0014019,-25.2765293,RESERVOIR, ,0,4.67864462e-11,0.078850999823701,4.67864468973346e-05
67,0.000129019871,0.0537280738,68,33, ,Houwater,27.1252651,-25.2625008,RESERVOIR, ,0,1.29019864e-10,0.0537280730802804,0.000129019870120192
68,5.06824472e-06,0.0112033831,69,600,B4H016Q01,Tonteldoos,29.9418068,-25.2796307,RESERVOIR, ,0,5.06824487e-12,0.0112033839692918,5.0682453081475e-06
69,8.7716624e-05,0.0864624679,70,39,B3R003Q01,Rooikraal,29.6511688,-25.2951908,RESERVOIR, ,0,8.77166256e-11,0.0864624670898131,8.77166280192566e-05
70,0.000970504188,0.485160917,71,36,A2R014Q01,Vaalkop,27.4688931,-25.3124409,RESERVOIR, ,0,9.70504233e-10,0.485160910928817,0.000970504198526843
71,3.81058271e-05,0.0378659926,72,110088,A3R005Q01,Sehujwane,25.9501839,-25.3109398,RESERVOIR, ,0,3.81058275e-11,0.0378659927817126,3.81058253700156e-05
72,1.71821739e-06,0.00523177534,73,0,A2R014Q01,Vaalkop,27.4671001,-25.3088894,ISLAND, ,0,1.71821737e-12,0.0052317749836755,1.71821724917936e-06
73,5.2843352e-06,0.0118207177,74,0,A2R014Q01,Vaalkop,27.4626522,-25.3137398,ISLAND, ,0,5.28433504e-12,0.011820717077977,5.28433539656307e-06
74,5.30522993e-06,0.0103557492,75,0,A2R014Q01,Vaalkop,27.4511509,-25.3171501,ISLAND, ,0,5.30522978e-12,0.010355747810168,5.30522986666804e-06
75,0.00095632486,0.199337497,76,509,X2R005Q01,Kwena,30.3675423,-25.3682899,RESERVOIR,Braam Raubenheimer,0,9.56324908e-10,0.199337502203255,0.00095632487637699
76,3.77578799e-05,0.0509476066,77,594,X2R004Q01,Primkop,31.0709114,-25.3835297,RESERVOIR, ,0,3.77578802e-11,0.0509476042000667,3.77578778801259e-05
77,3.64398365e-05,0.055760581,78,585,A2R016Q01,Leeukraal,28.275568,-25.3904305,RESERVOIR, ,0,3.64398373e-11,0.0557605806439682,3.64398349562171e-05
78,1.33980102e-05,0.029152995,79,510,B3R004Q01,Roodepoort B,29.4871159,-25.4009495,RESERVOIR, ,0,1.33980101e-11,0.0291529938063735,1.33980088677872e-05
79,0.00088986929,0.494777918,80,598,A2R015Q01,Roodekopjes,27.5858097,-25.4100399,RESERVOIR, ,0,8.89869289e-10,0.494777908100791,0.000889869300940451
80,0.002296163,0.608121157,81,551,B3R002Q01,Loskop,29.3221645,-25.4291,RESERVOIR, ,0,2.29616304e-09,0.608121160057883,0.00229616289338654
81,0.000197536676,0.101306438,82,196,A3R003Q01,Kromellenboog,26.3424778,-25.4528809,RESERVOIR, ,0,1.97536681e-10,0.10130643837665,0.000197536672754676
82,6.26917536e-05,0.0363865793,83,0, ,Grootrietvley210JS,29.7570343,-25.4552307,NATURAL, ,0,6.26917546e-11,0.0363865786116014,6.26917555336097e-05
83,0.000415486546,0.157476798,84,197,A3R001Q01,Marico-Bosveld,26.3898449,-25.4934502,RESERVOIR, ,0,4.15486534e-10,0.157476804495357,0.000415486532836466
84,0.000134169124,0.108960077,85,42,A2R007Q01,Lindleys Poort,26.6893711,-25.5117397,RESERVOIR,Lindleyspoort,0,1.3416912e-10,0.108960081664496,0.000134169124371035
85,4.97875772e-05,0.0410729498,86,45, ,Nooitgedacht 256JR,28.0302391,-25.5143299,RESERVOIR, ,0,4.97875768e-11,0.0410729481503925,4.97875779300146e-05
86,0.000118800097,0.0915479362,87,43,G2R001Q01,Little Marico Poort,26.1396847,-25.5263195,RESERVOIR,Klein Maricopoort,0,1.18800109e-10,0.0915479394284461,0.000118800102717575
87,0.000307120295,0.198858261,88,46,A2R006Q01,Bospoort,27.3308048,-25.5726109,RESERVOIR, ,0,3.07120301e-10,0.198858269087324,0.000307120295928828
88,0.000335217279,0.293881178,89,210,A2R009Q01,Roodeplaat,28.3739605,-25.6239109,RESERVOIR, ,0,3.35217271e-10,0.293881194696618,0.000335217271041529
89,0.00013576237,0.0569318496,90,47,A2R002Q01,Bon Accord,28.1895962,-25.6279907,RESERVOIR, ,0,1.35762374e-10,0.0569318478134516,0.000135762376690898
90,0.00031031805,0.0988063663,91,48, ,Cullinan,28.5188332,-25.6516705,RESERVOIR, ,0,3.10318049e-10,0.0988063662171377,0.000310318067895894
91,7.88726175e-06,0.0254597086,92,110064,A2R013Q01,Swartruggens,26.6925774,-25.66362,RESERVOIR, ,0,7.88726202e-12,0.0254597084224658,7.88726150522608e-06
92,0.000214025873,0.0849205926,93,49,A2R011Q01,Koster,26.9025536,-25.7104492,RESERVOIR, ,0,2.14025866e-10,0.0849205916693645,0.000214025869421545
93,7.45908474e-05,0.101229087,94,110022,X1R004Q01,Driekoppies,31.5320244,-25.7162991,RESERVOIR, ,0,7.45908474e-11,0.10122908824534,7.45908454413371e-05
94,0.00155598251,0.380313367,95,50,A2R001Q01,Hartbeespoort,27.8572559,-25.7468109,RESERVOIR, ,0,1.55598257e-09,0.380313363286915,0.00155598252051539
95,2.76586852e-05,0.0354618654,96,110063,X1R002Q01,Shiyalongubo,31.2655334,-25.7548199,RESERVOIR, ,0,2.76586844e-11,0.0354618651622148,2.76586853911479e-05
96,0.000393363152,0.192454174,97,233,B1R002Q01,Middelburg,29.5540314,-25.7798405,RESERVOIR, ,0,3.93363148e-10,0.192454178145226,0.000393363154685865
97,0.000117309923,0.0692321286,98,52,A2R005Q01,Buffelspoort,27.4890957,-25.7915192,RESERVOIR, ,0,1.17309926e-10,0.069232126617351,0.000117309926913069
98,0.000204077121,0.0908836052,99,51,A2R003Q01,Olifantsnek,27.250639,-25.7948208,RESERVOIR, ,0,2.04077116e-10,0.0908836008102053,0.000204077114940497
99,0.000291273871,0.206096604,100,570,D4R003Q01,Disaneng,25.3433857,-25.8406105,RESERVOIR, ,0,2.91273866e-10,0.206096606226842,0.000291273885863669
100,0.000596036785,0.224136993,101,311,X1R003Q01,Vygeboom,30.6224499,-25.8688107,RESERVOIR, ,0,5.96036775e-10,0.224136998093842,0.000596036785461945
101,9.97312163e-05,0.0678804293,102,110020,D4R004Q01,Modimola,25.5146332,-25.8566208,RESERVOIR, ,0,9.97312163e-11,0.0678804291429878,9.97312232166732e-05
102,0.000181501382,0.141026616,103,54, ,Doringpoort,29.3019085,-25.8649006,RESERVOIR, ,0,1.81501383e-10,0.141026608097002,0.000181501382156172
103,0.000174454326,0.0989921242,104,53,A2R004Q01,Rietvlei,28.2754555,-25.8788109,RESERVOIR, ,0,1.74454326e-10,0.0989921251112546,0.000174454327111225
104,1.28795818e-05,0.0166220907,105,110018,D4H026Q01,Cookes Lake,25.6536312,-25.8672199,RESERVOIR, ,0,1.28795819e-11,0.0166220884242091,1.28795801296566e-05
105,3.53725045e-05,0.0469238833,106,110019,D4H037Q01,Lotlamoreng,25.6008892,-25.8750896,RESERVOIR,Montshioa,0,3.53725035e-11,0.0469238819634266,3.53725059994611e-05
106,3.66704626e-07,0.00270247599,107,53,A2R004Q01,Rietvlei,28.2788677,-25.8765106,ISLAND, ,0,3.66704632e-13,0.00270247655066904,3.66704493750919e-07
107,0.000772705942,0.290195584,108,0,B2R001Q01,Bronkhorstspruit,28.6910248,-25.8975201,RESERVOIR, ,0,7.72705955e-10,0.290195595780492,0.000772705948614092
108,0.000873011595,0.486517757,109,54,B1R001Q01,Witbank,29.3104763,-25.9026394,RESERVOIR, ,0,8.73011607e-10,0.48651777065379,0.000873011612697359
109,0.00063368649,0.293836087,110,312,X1R001Q01,Nooitgedacht,30.0704021,-25.9649506,RESERVOIR, ,0,6.33686492e-10,0.293836087227555,0.000633686491250624
110,0.000643881969,0.186273783,111,63,M1R003Q01,Sand River,31.7033634,-25.9984703,RESERVOIR, ,0,6.43881948e-10,0.186273782027977,0.000643881954776286
111,0.00324110291,0.690211892,112,541, ,Pequenos Libombos,32.2283363,-26.1083298,RESERVOIR, ,0,3.24110294e-09,0.69021191021741,0.00324110292827371
112,4.64282784e-05,0.0435644351,113,61, ,Phoenix,29.1894112,-26.06567,RESERVOIR,Klipplaat14,0,4.64282779e-11,0.043564435557758,4.64282774772224e-05
113,8.06769749e-05,0.0578959696,114,57, ,West End,25.0608807,-26.0686607,RESERVOIR, ,0,8.0676972e-11,0.0578959729879789,8.06769755179186e-05
114,5.15176362e-05,0.03337311,115,110023,X1R005Q01,Maguga,31.2525368,-26.0723705,RESERVOIR, ,0,5.15176374e-11,0.0333731087615661,5.15176328131428e-05
115,7.68404789e-06,0.012106183,116,59, ,Manana026IP,26.2408524,-26.1071701,RESERVOIR, ,0,7.68404784e-12,0.0121061837061443,7.68404932556815e-06
116,5.22144619e-05,0.0369072706,117,60, ,Cashel,25.1102886,-26.1356792,RESERVOIR, ,0,5.22144619e-11,0.0369072680807043,5.22144601689343e-05
117,3.26052905e-05,0.0337297209,118,64, ,Vanryn,28.3535423,-26.1525898,RESERVOIR, ,0,3.260529e-11,0.0337297187879519,3.26052910962434e-05
118,0.000978837255,0.257956624,119,74, ,Fairview,31.6612549,-26.1621094,RESERVOIR, ,0,9.78837233e-10,0.257956628844568,0.000978837289865505
119,1.08560653e-05,0.017492177,120,110010, ,Victor Penning,28.3613091,-26.1581192,RESERVOIR, ,0,1.08560652e-11,0.0174921768173499,1.0856065573295e-05
120,6.47152483e-05,0.0388919674,121,62, ,Tau,25.1359558,-26.1654205,RESERVOIR, ,0,6.47152471e-11,0.0388919705099081,6.471524969801e-05
121,9.2647424e-05,0.0976913571,122,65, ,Klipplaat,29.2184696,-26.1721992,RESERVOIR,"Rietspruit;Rietvlei",0,9.26474245e-11,0.0976913547760899,9.26474216101609e-05
122,4.55223926e-07,0.00261521386,123,110015, , ,29.2120571,-26.1896706,ISLAND, ,0,4.55223912e-13,0.00261521360638845,4.55223813387148e-07
123,7.34619171e-05,0.0487108864,124,67, ,Cowles,28.4587669,-26.2099209,RESERVOIR, ,0,7.34619171e-11,0.048710886382775,7.34619187530759e-05
124,8.21467984e-05,0.0504603721,125,68, ,Alexander,28.4212341,-26.2126293,RESERVOIR, ,0,8.21467963e-11,0.0504603719204428,8.21468014317544e-05
125,0.000362999621,0.126194119,126,66,C2R003Q01,Klerkskraal,27.153326,-26.2414207,RESERVOIR, ,0,3.6299963e-10,0.126194114696032,0.00036299961569576
126,5.76881939e-05,0.0300329477,127,70, ,Jan Smuts,28.3701496,-26.2233601,RESERVOIR, ,0,5.76881945e-11,0.0300329468533947,5.76881956820242e-05
127,8.53391066e-06,0.0112522785,128,69, ,Rosherville,28.1065044,-26.2236004,RESERVOIR, ,0,8.53391056e-12,0.0112522782892192,8.53391074131028e-06
128,7.53940112e-05,0.0380695574,129,72, ,Leeupan Tamboville,28.3140202,-26.2300396,NATURAL, ,0,7.53940105e-11,0.0380695558979186,7.53940108727762e-05
129,5.80365413e-05,0.0330249742,130,71, ,Victoria Lake,28.1605473,-26.22966,NATURAL, ,0,5.80365409e-11,0.0330249749310048,5.80365409984224e-05
130,4.18478085e-05,0.0435201935,131,73, ,Cinderella,28.2401428,-26.2389793,RESERVOIR, ,0,4.18478099e-11,0.0435201935639641,4.18478063773765e-05
131,0.00104478234,0.185636833,132,110104, ,Chrissiesmeer,30.2183456,-26.3280392,NATURAL, ,0,1.04478237e-09,0.185636832379677,0.00104478234782396
132,0.000297435938,0.0754849985,133,110114, ,Eilandsmeer1,30.3056545,-26.3330898,NATURAL, ,0,2.97435937e-10,0.0754849990865405,0.000297435944078629
133,4.91340543e-05,0.0417951345,134,75, ,Taaibosspruit,26.3683338,-26.33708,RESERVOIR, ,0,4.91340545e-11,0.0417951326903404,4.9134051031864e-05
134,2.96849848e-05,0.0282341018,135,222,C2R006Q01,Elandskuil,26.7785225,-26.3452892,RESERVOIR, ,0,2.96849836e-11,0.0282341011428198,2.96849851746814e-05
135,0.000117789023,0.0508728437,136,110115, ,Lake Banagher,30.3601208,-26.3508892,NATURAL, ,0,1.17789015e-10,0.0508728438695871,0.000117789018200101
136,0.000124340382,0.0483723916,137,110113, ,Eilandsmeer2,30.3142834,-26.3541203,NATURAL, ,0,1.24340385e-10,0.0483723933164521,0.000124340389650887
137,4.90600469e-05,0.0297597665,138,224, ,Peter Wright,27.7303581,-26.3621807,RESERVOIR, ,0,4.90600477e-11,0.0297597656498602,4.90600456584162e-05
138,0.000132630899,0.0458960235,139,110112, ,Magdalenasmeer,30.287859,-26.3782806,NATURAL, ,0,1.32630892e-10,0.0458960240605826,0.000132630894360608
139,0.000183965822,0.0790871233,140,76,C2R007Q01,Rietspruit,26.8100758,-26.4081898,RESERVOIR, ,0,1.83965815e-10,0.0790871227902553,0.000183965827016982
140,0.000157306436,0.0853547677,141,79, ,Willem Brummer,29.9216347,-26.4632206,RESERVOIR, ,0,1.57306432e-10,0.0853547699086039,0.000157306443434427
141,4.7230511e-05,0.0452210642,142,78, ,Bethal,29.47995,-26.4508209,RESERVOIR, ,0,4.72305112e-11,0.0452210654822831,4.72305123029132e-05
142,0.000656259595,0.279631615,143,85,W5R002Q01,Westoe,30.6105728,-26.4949608,RESERVOIR, ,0,6.56259602e-10,0.279631603874078,0.000656259594119153
143,4.95638378e-05,0.0369292684,144,82, ,Douglas C11F,29.946125,-26.4680996,RESERVOIR, ,0,4.95638391e-11,0.0369292672069544,4.95638407427775e-05
144,0.000149076383,0.117022768,145,110111, ,Sandcliff,30.3577538,-26.4885292,RESERVOIR, ,0,1.49076376e-10,0.117022768666669,0.000149076384175243
145,4.20926299e-05,0.0364720337,146,81, ,Evander,29.1275082,-26.4923496,RESERVOIR, ,0,4.20926315e-11,0.0364720323820187,4.20926297803933e-05
146,0.000221439695,0.0905580297,147,83,B1R999Q01,Trichardsfontein,29.252449,-26.5001507,RESERVOIR, ,0,2.214397e-10,0.0905580206591793,0.000221439690974666
147,0.000177326627,0.0875927657,148,77, ,Leeupan279IO,25.5997925,-26.5323696,NATURAL, ,0,1.77326626e-10,0.087592762713317,0.000177326634976314
148,0.000329219823,0.134003088,149,225,C2R001Q01,Boskop,27.1197319,-26.5506706,RESERVOIR, ,0,3.29219818e-10,0.134003080408704,0.000329219818786346
149,0.000527069438,0.114202097,150,511, ,Leeupan532IR,28.9950867,-26.5663605,RESERVOIR, ,0,5.27069444e-10,0.114202100112562,0.00052706945616982
150,0.00127040152,0.229509264,151,80,C3R003Q01,Barberspan,25.5878258,-26.5841599,NATURAL, ,0,1.27040156e-09,0.229509267303519,0.00127040151259128
151,0.00038345356,0.104785852,152,86,C2R005Q01,Klipdrif,27.3135052,-26.6074505,RESERVOIR, ,0,3.83453547e-10,0.104785849641109,0.000383453569410467
152,0.000766919868,0.356134146,153,89,W5R001Q01,Jericho,30.4702892,-26.6486797,RESERVOIR, ,0,7.66919861e-10,0.356134150165564,0.00076691986916862
153,4.9262133e-05,0.0433211587,154,211,C2R004Q01,Potchefstroom,27.097168,-26.66712,RESERVOIR, ,0,4.92621326e-11,0.0433211568893985,4.92621323523948e-05
154,0.00112111284,1.6462115,155,1,C2R008Q01,Vaal Barrage,27.7953682,-26.7494297,RESERVOIR, ,0,1.12111287e-09,1.64621151318258,0.0011211128245572
155,9.8954617e-05,0.0437236838,156,212, ,Leeukuil,27.8928337,-26.6850491,RESERVOIR, ,0,9.89546153e-11,0.0437236837277537,9.89546151429889e-05
156,5.08125449e-05,0.030107243,157,87, ,Modder,27.1631317,-26.6947002,RESERVOIR, ,0,5.08125451e-11,0.030107245388569,5.08125461340412e-05
157,7.13413028e-05,0.0368870758,158,110045,C3R004Q01,Sout Pan,25.4560165,-26.6977806,NATURAL, ,0,7.13413009e-11,0.03688707826698,7.13413033449973e-05
158,0.000588891504,0.27275908,159,512,W5R003Q01,Morgenstond,30.5030422,-26.7335396,RESERVOIR, ,0,5.88891491e-10,0.272759094954141,0.000588891503082232
159,9.29200396e-05,0.0396403745,160,88, ,Witpoort394IP,26.5604439,-26.7200203,RESERVOIR, ,0,9.29200397e-11,0.0396403719740173,9.29200345425912e-05
160,8.66475602e-05,0.0374584086,161,110046,C3R005Q01,Koppiesyn Pan,25.4761639,-26.7252007,NATURAL, ,0,8.66475572e-11,0.0374584092178895,8.66475614297152e-05
161,4.81167008e-05,0.0440813303,162,110048,D4R001Q01,Katnael,20.0984344,-26.7312202,RESERVOIR,Leeubos,0,4.81167016e-11,0.0440813323834881,4.81167031218242e-05
162,0.000265163544,0.162562072,163,223,C2R002Q01,Klerksdorp,26.6050243,-26.8022709,RESERVOIR,Johan Neser,0,2.65163558e-10,0.162562074303162,0.000265163556270082
163,1.9978288e-06,0.0104954951,164,2, , ,27.6879234,-26.7606907,ISLAND, ,0,1.99782877e-12,0.0104954950373573,1.99782913436815e-06
164,1.80109055e-06,0.0073582842,165,3, , ,27.6937065,-26.7604694,ISLAND, ,0,1.80109053e-12,0.00735828349913785,1.80109045576394e-06
165,4.22470112e-06,0.0121115986,166,4, , ,27.7084007,-26.7631607,ISLAND, ,0,4.22470132e-12,0.0121115980209425,4.2247017342332e-06
166,2.414552e-06,0.0101969196,167,5, , ,27.7031364,-26.7633495,ISLAND, ,0,2.41455207e-12,0.0101969193251176,2.4145516707252e-06
167,7.39570969e-05,0.0404288769,168,90, ,Grootvlei,28.5259285,-26.7975807,RESERVOIR, ,0,7.39570974e-11,0.0404288770737794,7.39570949056202e-05
168,0.0251409356,5.23303318,169,1,C1R001Q01,Vaal,28.1378365,-26.8958206,RESERVOIR, ,0,2.51409347e-08,5.23303316354468,0.0251409359429186
169,0.00327178929,1.25019944,170,92,C1R002Q01,Grootdraai,29.3321438,-26.9302006,RESERVOIR, ,0,3.27178928e-09,1.25019937839894,0.00327178924330038
170,0.000118166987,0.0648488328,171,237, , ,28.1735249,-26.8658009,ISLAND, ,0,1.1816699e-10,0.0648488333828628,0.000118166992777447
171,6.98497752e-05,0.0431085676,172,550, ,KuZilonde,32.8695297,-26.8666897,NATURAL,Lake Zilondo,0,6.98497718e-11,0.043108566615805,6.98497784878403e-05
172,0.000634891971,0.269240528,173,547,W7R004Q01,Kosi Estuary,32.8634605,-26.90695,NATURAL,Makhawulani,0,6.34891972e-10,0.269240528987111,0.000634891984511399
173,1.54034678e-05,0.0188347194,174,548, , ,32.8663254,-26.90341,ISLAND, ,0,1.54034684e-11,0.0188347197219762,1.54034668710852e-05
174,2.09320206e-06,0.00595960906,175,831, , ,28.2297401,-26.9106808,ISLAND, ,0,2.09320213e-12,0.00595960887283264,2.09320236274169e-06
175,9.55957148e-07,0.00458321441,176,610, , ,29.4734383,-26.9224701,ISLAND, ,0,9.55957102e-13,0.00458321403945021,9.55957397819375e-07
176,1.9241179e-06,0.00759407599,177,609, , ,29.4710941,-26.9229107,ISLAND, ,0,1.92411798e-12,0.00759407552231925,1.92411865824338e-06
177,2.22355084e-06,0.00575343613,178,546, , ,32.8528786,-26.9325409,ISLAND, ,0,2.22355077e-12,0.0057534354711815,2.22355026450705e-06
178,9.70133442e-06,0.012686925,179,239, , ,28.3517094,-26.9398708,ISLAND, ,0,9.70133435e-12,0.0126869244382447,9.70133416841998e-06
179,3.94935851e-05,0.0258268751,180,238, , ,28.3386841,-26.9476509,ISLAND, ,0,3.94935855e-11,0.0258268755233521,3.94935829371918e-05
180,0.00283480994,0.223823071,181,544,W7R003Q01,KuHlange,32.8406601,-26.9844093,NATURAL,Nhlange,0,2.83480994e-09,0.223823068951717,0.00283480988391145
181,0.00488159433,1.1197865,182,513,W5R004Q01,Heyshope,30.5024662,-27.0254002,RESERVOIR, ,0,4.88159424e-09,1.11978650201948,0.0048815943141672
182,0.000141798679,0.0971123651,183,543, ,Amanzimnyama,32.8244858,-27.0292492,NATURAL, ,0,1.41798684e-10,0.0971123660957437,0.000141798683426091
183,0.000135619426,0.0555845909,184,542, ,KuShengeza,32.7812119,-27.0317192,NATURAL,Shengeza,0,1.35619432e-10,0.0555845927959915,0.000135619429172666
184,2.33823812e-07,0.00182851613,185,833, , ,28.3175983,-27.0872402,ISLAND, ,0,2.33823811e-13,0.00182851506862664,2.33823700974078e-07
185,2.10441794e-06,0.00551382126,186,832, , ,28.3132114,-27.0903206,ISLAND, ,0,2.10441799e-12,0.00551382109834445,2.10441837693832e-06
186,0.000188528473,0.183151767,187,94,C3R001Q01,Schweitzer Reneke,25.3478699,-27.1596909,RESERVOIR, ,0,1.88528471e-10,0.18315176993952,0.000188528472809559
187,0.00113984034,0.32815063,188,213,C7R001Q01,Koppies,27.6938972,-27.2289505,RESERVOIR, ,0,1.13984033e-09,0.328150630679248,0.001139840289266
188,7.31519103e-05,0.0421058722,189,515,C7R003Q01,Weltevrede,27.5749855,-27.2188206,RESERVOIR, ,0,7.31519081e-11,0.0421058716209969,7.31519093275465e-05
189,7.32354383e-05,0.0473224223,190,514,C7R002Q01,Roodepoort C,27.5225182,-27.2210808,RESERVOIR, ,0,7.32354385e-11,0.0473224226860329,7.32354356675199e-05
190,0.00546662323,1.2754029,191,204,W7R001Q01,Lake Sibayi,32.6895866,-27.3703308,NATURAL, ,0,5.46662315e-09,1.27540295025247,0.00546662307849618
191,0.0113392472,1.2861172,192,203,W4R001Q01,Pongolapoort,31.9496498,-27.3702106,RESERVOIR,Jozini,0,1.13392469e-08,1.2861172478672,0.0113392468674755
192,0.000450092921,0.109511107,193,110049,D4R002Q01,Abikwaput se Pan,20.1056404,-27.29599,NATURAL,Abikwasput se Pan,0,4.50092907e-10,0.109511116466414,0.000450092925586585
193,1.1504435e-06,0.00392214255,194,0, ,Pongolapoort,31.9306641,-27.3635597,ISLAND, ,0,1.15044346e-12,0.00392214217895923,1.15044341509959e-06
194,0.00108820235,0.351882815,195,516,V3R003Q01,Zaaihoek,30.0854149,-27.4270191,RESERVOIR, ,0,1.08820231e-09,0.351882808749677,0.00108820235928179
195,9.731522e-05,0.0759637728,196,110016,C3R006Q01,Taung,24.8555298,-27.5314903,RESERVOIR, ,0,9.73152184e-11,0.0759637729038977,9.73152165681597e-05
196,8.61202861e-05,0.0443778746,197,110062,W7R002Q01,Mgobezeleni,32.6580048,-27.5301094,NATURAL, ,0,8.61202845e-11,0.0443778763174464,8.61202876084152e-05
197,0.0186493415,2.77140284,198,95,C9R002Q01,Bloemhof,25.6506062,-27.6720695,RESERVOIR,Oppermansdrift,0,1.86493416e-08,2.77140278338212,0.0186493408140446
198,1.98931593e-06,0.00536375027,199,802, , ,25.85816,-27.6028004,ISLAND, ,0,1.98931583e-12,0.00536375075248201,1.98931611682157e-06
199,2.34605977e-07,0.00185303262,200,805, , ,25.8606472,-27.6035995,ISLAND, ,0,2.34605982e-13,0.00185303212912434,2.346058573845e-07
200,9.04510671e-08,0.00128197041,201,806, , ,25.8614292,-27.6039295,ISLAND, ,0,9.04510638e-14,0.00128197055953376,9.04511257231857e-08
201,1.69107807e-07,0.0015142645,202,808, , ,25.8635464,-27.6038799,ISLAND, ,0,1.6910781e-13,0.00151426487404287,1.69107895338552e-07
202,3.77418473e-07,0.0024777709,203,807, , ,25.8625336,-27.60429,ISLAND, ,0,3.77418474e-13,0.00247777130451078,3.77418497207359e-07
203,1.42714271e-07,0.0016149974,204,804, , ,25.8610153,-27.6047993,ISLAND, ,0,1.42714277e-13,0.00161499714323181,1.42714141132157e-07
204,2.30427577e-06,0.00918286294,205,803, , ,25.8604164,-27.6057701,ISLAND, ,0,2.30427569e-12,0.00918286394552969,2.30427559195305e-06
205,2.98385203e-07,0.00211796141,206,809, , ,25.8648129,-27.6053295,ISLAND, ,0,2.98385204e-13,0.00211796048608871,2.9838507908894e-07
206,7.43571945e-07,0.00347870495,207,810, , ,25.8668842,-27.6069603,ISLAND, ,0,7.43571925e-13,0.00347870532977171,7.43571959444839e-07
207,3.65713277e-07,0.00234311493,208,811, , ,25.8668385,-27.6082993,ISLAND, ,0,3.65713265e-13,0.0023431142866943,3.65713114954073e-07
208,6.85593477e-07,0.00343429158,209,813, , ,25.8640308,-27.6100006,ISLAND, ,0,6.85593455e-13,0.00343429205730147,6.85593036434297e-07
209,2.16685294e-07,0.00172913412,210,812, , ,25.866724,-27.6099796,ISLAND, ,0,2.16685299e-13,0.00172913496362124,2.16685332319898e-07
210,0.000222226576,0.0851767734,211,517, ,Bloemhoek,27.2809143,-27.6382599,RESERVOIR, ,0,2.2222657e-10,0.0851767723989303,0.000222226563280578
211,6.15083627e-06,0.0121211531,212,801, , ,25.9696293,-27.6317806,ISLAND, ,0,6.15083635e-12,0.0121211539278071,6.150837653342e-06
212,2.85922761e-06,0.00838077161,213,800, , ,25.9945889,-27.6407394,ISLAND, ,0,2.85922761e-12,0.00838077189617666,2.85922816384471e-06
213,2.8188424e-06,0.0119065493,214,799, , ,26.0061722,-27.6507702,ISLAND, ,0,2.81884238e-12,0.0119065493293498,2.81884224637634e-06
214,2.34201088e-05,0.0550675765,215,798, , ,26.0067692,-27.66922,ISLAND, ,0,2.34201096e-11,0.0550675750900133,2.34201098096933e-05
215,5.13664418e-07,0.00260397489,216,797, , ,26.0128593,-27.6718407,ISLAND, ,0,5.13664415e-13,0.00260397420483545,5.13664285442044e-07
216,8.76955892e-06,0.0222538803,217,795, , ,26.0104713,-27.6784096,ISLAND, ,0,8.76955886e-12,0.0222538808523627,8.76956101302455e-06
217,6.79350705e-07,0.00302188168,218,796, , ,26.0134563,-27.6773396,ISLAND, ,0,6.79350727e-13,0.00302188193660708,6.7935061670983e-07
218,1.51125396e-05,0.0280461442,219,794, , ,26.007843,-27.6929798,ISLAND, ,0,1.51125397e-11,0.0280461438415502,1.51125403459661e-05
219,1.1993352e-05,0.0129735814,220,814, , ,25.6425705,-27.6962509,ISLAND, ,0,1.19933516e-11,0.0129735803267813,1.19933520316597e-05
220,1.61464231e-06,0.00721554365,221,793, , ,26.0083218,-27.6986008,ISLAND, ,0,1.61464234e-12,0.00721554442626786,1.61464288687833e-06
221,9.94473958e-05,0.231728867,222,518,C6R002Q01,Serfontein,27.3052807,-27.7028103,RESERVOIR, ,0,9.94473948e-11,0.231728868390874,9.94473973958004e-05
222,2.38243028e-05,0.032206554,223,110110, ,Grootgewaagd,30.8028698,-27.7154808,RESERVOIR, ,0,2.38243036e-11,0.0322065514601909,2.38243014225568e-05
223,3.20055624e-05,0.0426255763,224,110108, ,Bloemveld,30.7506618,-27.7200108,RESERVOIR, ,0,3.20055614e-11,0.0426255781059,3.20055632989593e-05
224,5.73799844e-06,0.0121482294,225,110109, ,Reed Valley,30.7627563,-27.7166996,RESERVOIR, ,0,5.73799862e-12,0.012148227780485,5.73799799518893e-06
225,2.53019407e-05,0.0431232937,226,519,V3R002Q01,Amcor,29.9813538,-27.74086,RESERVOIR, ,0,2.53019411e-11,0.0431232916046773,2.53019405514307e-05
226,6.85322448e-07,0.00338192307,227,792, , ,26.036602,-27.7386608,ISLAND, ,0,6.85322459e-13,0.00338192353673397,6.85322497128486e-07
227,3.40416409e-06,0.00921202172,228,815, , ,25.7702961,-27.7920609,ISLAND, ,0,3.4041641e-12,0.00921202077357371,3.40416357229421e-06
228,1.05584695e-06,0.00375520345,229,816, , ,25.7684631,-27.7945995,ISLAND, ,0,1.05584692e-12,0.00375520398849281,1.05584744728448e-06
229,6.95039853e-06,0.0124962945,230,817, , ,25.7692261,-27.7973499,ISLAND, ,0,6.95039859e-12,0.0124962932899329,6.95039698072402e-06
230,6.7156634e-06,0.0120421108,231,818, , ,25.7733231,-27.8009396,ISLAND, ,0,6.71566362e-12,0.0120421115174167,6.71566332682157e-06
231,5.28043529e-07,0.00305964309,232,819, , ,25.776556,-27.8031197,ISLAND, ,0,5.28043538e-13,0.00305964386292216,5.28044035652338e-07
232,0.00030201042,0.129168928,233,226,W2R001Q01,Klipfontein,30.8093109,-27.8216591,RESERVOIR, ,0,3.02010417e-10,0.129168927588372,0.000302010438360807
233,0.0331263877,2.89921427,234,214,W3R002Q01,Lake St. Lucia,32.4781189,-28.0596504,NATURAL, ,0,3.3126387e-08,2.89921426975371,0.0331263877125486
234,2.7166061e-06,0.00984087959,235,0, ,Lake St Lucia,32.5053558,-27.9257298,ISLAND, ,0,2.71660602e-12,0.00984087888229478,2.71660616332697e-06
235,0.00187164906,0.625846982,236,205,V3R001Q01,Ntshingwayo,29.9132862,-27.9935608,RESERVOIR,Chelmsford,0,1.87164906e-09,0.625846979732188,0.00187164904100358
236,0.000182526783,0.0723592564,237,0, ,Lake St Lucia,32.4989204,-27.9530697,ISLAND, ,0,1.82526785e-10,0.072359258502872,0.000182526778150057
237,0.00317302812,0.499237835,238,96,C3R002Q01,Spitskop,24.5465641,-28.0916691,RESERVOIR, ,0,3.17302806e-09,0.499237848210782,0.00317302814457293
238,1.00422039e-06,0.00403919769,239,616, , ,29.8548965,-28.01157,ISLAND, ,0,1.00422036e-12,0.00403919791321895,1.00422061701573e-06
239,0.000210250582,0.0832386911,240,0, ,Lake St Lucia,32.4801712,-28.0242405,ISLAND, ,0,2.10250581e-10,0.0832386883228704,0.00021025057609313
240,7.22593904e-06,0.012480434,241,0, ,Lake St Lucia,32.5041771,-28.0506897,ISLAND, ,0,7.22593903e-12,0.0124804336259942,7.22593910094231e-06
241,0.000768873142,0.255059958,242,97,C9R001Q01,Vaalharts,24.9422359,-28.1129398,RESERVOIR, ,0,7.68873132e-10,0.25505995742801,0.000768873114207572
242,2.9959474e-05,0.035913296,243,110047,C8R001Q01,Menin,28.2748928,-28.08218,RESERVOIR, ,0,2.99594724e-11,0.0359132958870645,2.99594742046349e-05
243,0.000359198486,0.155767277,244,0, ,Lake St Lucia,32.451931,-28.1087208,ISLAND, ,0,3.59198477e-10,0.155767283195559,0.00035919849383622
244,0.000326373091,0.325603396,245,578,W3R001Q01,Hluhluwe,32.1575623,-28.1103497,RESERVOIR, ,0,3.26373095e-10,0.325603391102156,0.000326373079535807
245,5.68277392e-06,0.0123139592,246,0, ,Lake St Lucia,32.4369011,-28.1086407,ISLAND, ,0,5.68277413e-12,0.0123139595905357,5.68277389085581e-06
246,1.01097612e-06,0.0040749847,247,0, ,Lake St Lucia,32.4384918,-28.1095695,ISLAND, ,0,1.01097613e-12,0.00407498522533048,1.01097644987982e-06
247,7.60523108e-07,0.00338027254,248,0, ,Lake St Lucia,32.4379807,-28.1192398,ISLAND, ,0,7.60523101e-13,0.00338027285626686,7.60523369322449e-07
248,1.14945542e-05,0.0248684902,249,0, ,Lake St Lucia,32.444622,-28.1606693,ISLAND, ,0,1.14945536e-11,0.0248684907669461,1.14945540976345e-05
249,5.06282959e-07,0.00324133737,250,0, ,Lake St Lucia,32.4406395,-28.1668091,ISLAND, ,0,5.0628295e-13,0.00324133666916977,5.06282835315646e-07
250,0.000111281981,0.0724312291,251,520, ,Liebenbergsvlei,28.3103142,-28.1778603,NATURAL,Loch Lomond,0,1.11281977e-10,0.0724312268955515,0.000111281979444772
251,6.87438296e-06,0.0143005578,252,0, ,Lake St Lucia,32.4409332,-28.1714497,ISLAND, ,0,6.87438301e-12,0.0143005577669477,6.87438224422439e-06
252,4.45522892e-06,0.0108880084,253,0, ,Lake St Lucia,32.4404449,-28.1794109,ISLAND, ,0,4.45522872e-12,0.0108880087692318,4.45522868618147e-06
253,0.000400083867,0.286609173,254,521,C8R004Q01,Saulspoort,28.3686676,-28.2210102,RESERVOIR, ,0,4.00083855e-10,0.286609180062365,0.000400083867343104
254,2.31841477e-06,0.00616495218,255,0, ,Lake St Lucia,32.4411659,-28.231039,ISLAND, ,0,2.31841477e-12,0.00616495197691608,2.31841485197065e-06
255,4.07267398e-05,0.035085544,256,0, ,Lake St Lucia,32.4495239,-28.2353897,ISLAND, ,0,4.07267414e-11,0.0350855422685047,4.07267404413131e-05
256,6.8294321e-06,0.0146997906,257,0, ,Lake St Lucia,32.4605217,-28.2418594,ISLAND, ,0,6.82943199e-12,0.0146997904234286,6.82943253620559e-06
257,4.75185516e-07,0.00259373896,258,0, ,Lake St Lucia,32.4584351,-28.2403107,ISLAND, ,0,4.75185538e-13,0.00259373953284591,4.75185571347248e-07
258,1.03653292e-07,0.00123255944,259,0, ,Lake St Lucia,32.4576149,-28.2406197,ISLAND, ,0,1.03653292e-13,0.00123255965239333,1.0365346560092e-07
259,7.20985554e-07,0.00346868625,260,0, ,Lake St Lucia,32.4569244,-28.2414494,ISLAND, ,0,7.20985554e-13,0.00346868694612812,7.20985687075938e-07
260,3.68003384e-07,0.00267023756,261,0, ,Lake St Lucia,32.4549408,-28.2429008,ISLAND, ,0,3.68003371e-13,0.00267023766759358,3.68003115051616e-07
261,4.07419066e-06,0.00905979797,262,0, ,Lake St Lucia,32.4645462,-28.2443504,ISLAND, ,0,4.07419064e-12,0.0090597978294078,4.07419030232717e-06
262,9.58716555e-08,0.00112992548,263,0, ,Lake St Lucia,32.4589157,-28.2454109,ISLAND, ,0,9.58716545e-14,0.00112992459984373,9.58715192013773e-08
263,3.44880391e-08,0.000692013127,264,0, ,Lake St Lucia,32.4615326,-28.2458801,ISLAND, ,0,3.44880374e-14,0.000692013226575478,3.44880851079249e-08
264,7.82420102e-08,0.00102197926,265,0, ,Lake St Lucia,32.458889,-28.2461205,ISLAND, ,0,7.82420122e-14,0.00102197950959535,7.82420524659847e-08
265,0.000168820159,0.0725908056,266,522,C8R005Q01,Loch Athlone,28.310873,-28.2605591,RESERVOIR, ,0,1.68820152e-10,0.0725908061977053,0.000168820158144938
266,5.48997741e-05,0.0587554052,267,0, ,Lake St Lucia,32.4271851,-28.2588291,ISLAND, ,0,5.48997757e-11,0.0587554048875303,5.48997736567823e-05
267,2.10693543e-07,0.00171898573,268,0, ,Lake St Lucia,32.417572,-28.2517891,ISLAND, ,0,2.10693537e-13,0.00171898531353279,2.1069362244151e-07
268,1.01468322e-06,0.0037388471,269,0, ,Lake St Lucia,32.417984,-28.2530899,ISLAND, ,0,1.01468324e-12,0.00373884718011965,1.01468326305326e-06
269,6.78446668e-08,0.000955573225,270,0, ,Lake St Lucia,32.418438,-28.2538795,ISLAND, ,0,6.78446692e-14,0.000955572190116064,6.78446516880271e-08
270,0.000159159623,0.0771046579,271,0, ,Lake St Lucia,32.4131393,-28.2723808,ISLAND, ,0,1.59159616e-10,0.0771046580831756,0.00015915961502975
271,2.6881753e-07,0.0019016607,272,0, ,Lake St Lucia,32.4195404,-28.2559795,ISLAND, ,0,2.6881752e-13,0.00190166139972543,2.68817706242516e-07
272,3.01141699e-05,0.0275685005,273,0, ,Lake St Lucia,32.4128418,-28.2632103,ISLAND, ,0,3.01141716e-11,0.0275685019979373,3.01141716796087e-05
273,1.80054485e-07,0.00159529038,274,0, ,Lake St Lucia,32.4354019,-28.2605209,ISLAND, ,0,1.80054485e-13,0.00159529020599322,1.80054541873986e-07
274,3.93672963e-07,0.00231232191,275,0, ,Lake St Lucia,32.432106,-28.2606297,ISLAND, ,0,3.93672969e-13,0.00231232204316488,3.93673039786717e-07
275,5.26751319e-06,0.00890507177,276,0, ,Lake St Lucia,32.4234047,-28.26227,ISLAND, ,0,5.26751299e-12,0.00890507253301421,5.26751360569125e-06
276,4.62427124e-07,0.00257903407,277,0, ,Lake St Lucia,32.4169884,-28.26334,ISLAND, ,0,4.62427134e-13,0.00257903442177476,4.62427173422599e-07
277,3.64318112e-07,0.00257427851,278,0, ,Lake St Lucia,32.4381752,-28.2636604,ISLAND, ,0,3.64318113e-13,0.00257427982552643,3.64318365632766e-07
278,0.00263524125,0.790548086,279,98,C4R001Q01,Allemanskraal,27.2076283,-28.2973995,RESERVOIR, ,0,2.63524136e-09,0.790548096706023,0.00263524135511942
279,3.34114884e-05,0.0459322631,280,523,C8R006Q01,Gerrands,28.286047,-28.2772503,RESERVOIR, ,0,3.34114889e-11,0.045932260992758,3.3411488450819e-05
280,5.66171366e-07,0.00288931862,281,615, , ,27.1494865,-28.2859898,ISLAND, ,0,5.6617135e-13,0.00288931810341897,5.66171337729087e-07
281,8.36662912e-06,0.0147398077,282,613, , ,27.1604252,-28.2965298,ISLAND, ,0,8.36662944e-12,0.0147398060560703,8.36662927877479e-06
282,5.69530675e-06,0.0100943418,283,614, , ,27.1556149,-28.2972603,ISLAND, ,0,5.69530664e-12,0.0100943421816733,5.69530694567909e-06
283,4.83177064e-06,0.00956067536,284,612, , ,27.1627312,-28.3011494,ISLAND, ,0,4.83177083e-12,0.00956067530815814,4.83177097637786e-06
284,2.62916728e-07,0.00186099834,285,611, , ,27.2193985,-28.3066807,ISLAND, ,0,2.62916723e-13,0.00186099848920805,2.62916741420131e-07
285,0.00607735338,0.963138998,286,304,C8R003Q01,Sterkfontein,29.0163002,-28.4271793,RESERVOIR, ,0,6.07735329e-09,0.963139004059821,0.00607735335836307
286,0.00298760086,1.09594774,287,305,C4R002Q01,Erfenis,26.8361282,-28.5509701,RESERVOIR, ,0,2.98760083e-09,1.09594770580985,0.00298760090516818
287,0.000179382478,0.14862591,288,572,C8R007Q01,Driekloof,29.0649929,-28.5194092,RESERVOIR, ,0,1.79382481e-10,0.148625902371976,0.000179382485634202
288,0.000182593518,0.0940519422,289,220,V1R004Q01,Kilburn,29.0978165,-28.5896492,RESERVOIR, ,0,1.82593524e-10,0.0940519403862869,0.000182593509103943
289,9.54936331e-06,0.0125156529,290,110101,V1H036Q01,Jagers Rust,29.1171532,-28.5994396,RESERVOIR, ,0,9.54936304e-12,0.0125156551273317,9.5493656528687e-06
290,0.000348708563,0.0749725029,291,307, ,Nhlabane,32.2710266,-28.6086597,NATURAL, ,0,3.48708562e-10,0.074972501710236,0.000348708560739183
291,0.00260598655,0.932095766,292,215,V1R003Q01,Woodstock,29.20821,-28.7218094,RESERVOIR, ,0,2.60598654e-09,0.932095761476349,0.0026059864958066
292,0.00138798635,0.538870454,293,216,V1R001Q01,Spioenkop,29.4940109,-28.6896,RESERVOIR, ,0,1.38798639e-09,0.538870462431679,0.00138798637264277
293,0.000867868483,0.191605821,294,306,W1R004Q01,Lake Msingazi,32.0988503,-28.7585106,NATURAL, ,0,8.67868499e-10,0.191605824824487,0.000867868483138756
294,0.000239509987,0.0687754974,295,110061,W1R003Q01,Nsezi,31.9740772,-28.7472496,NATURAL,Nsezi-Nseleni Wetland,0,2.39509995e-10,0.0687754972695004,0.000239509985201745
295,0.00100572291,0.445136398,296,524,W1R001Q01,Goedertrou,31.4379215,-28.7681808,RESERVOIR,Goedertrouw,0,1.00572295e-09,0.445136414080132,0.00100572288161765
296,0.000221220398,0.221843362,297,221,V1R002Q01,Driel Barrage,29.2983837,-28.7717609,RESERVOIR,Driel,0,2.21220403e-10,0.221843365240208,0.000221220396568796
297,1.61738717e-06,0.00528500089,298,712, , ,29.2951241,-28.7671604,ISLAND, ,0,1.61738721e-12,0.00528500143560615,1.61738714034456e-06
298,1.89122147e-06,0.00646669604,299,726, , ,29.2663765,-28.7734699,ISLAND, ,0,1.89122155e-12,0.00646669625929687,1.89122178810436e-06
299,0.00125909515,0.200943232,300,308, ,Richards Bay,32.0657349,-28.7968197,NATURAL, ,0,1.25909516e-09,0.200943237816992,0.00125909519650918
300,0.00105968607,0.178524777,301,309, ,Mhlatuze Lagoon,32.0246315,-28.8337193,NATURAL,Sanctuary,0,1.05968612e-09,0.178524777144826,0.00105968603878601
301,0.00152929372,0.661346853,302,101,C5R004Q01,Krugersdrift,26.0034275,-28.8687305,RESERVOIR,Krugersdrif,0,1.52929369e-09,0.661346871397266,0.0015292937138185
302,0.000400256657,0.117783502,303,310, ,Lake Cubhu,31.965786,-28.8399506,NATURAL, ,0,4.00256661e-10,0.11778349900313,0.000400256671986382
303,2.75770344e-05,0.0454906337,304,110069,W1R002Q01,Phobane Lake,31.4481792,-28.8700409,RESERVOIR,Eshowe,0,2.75770344e-11,0.0454906324708804,2.75770346671043e-05
304,1.15955172e-05,0.0224286839,305,110095,W1H004Q01,Eshowe,31.4556408,-28.8717499,RESERVOIR,Eshowe Gauging Weir,0,1.15955171e-11,0.022428682838344,1.1595517457068e-05
305,0.000112044829,0.171907246,306,552,C9R003Q01,Douglas,23.8697395,-29.0346508,RESERVOIR, ,0,1.12044832e-10,0.17190724047266,0.000112044829018357
306,4.17429619e-05,0.141246572,307,110083,C5R006Q01,Masels Poort,26.4080162,-29.0284595,RESERVOIR,Maselspoort,0,4.17429633e-11,0.141246576251286,4.17429700488547e-05
307,0.000475321343,0.23656337,308,104,V7R001Q01,Wagendrift,29.8327503,-29.0543709,RESERVOIR, ,0,4.75321338e-10,0.236563371747702,0.000475321343604754
308,0.00579385087,1.54906762,309,1,D1R002Q01,Katse,28.4905376,-29.3282509,RESERVOIR, ,0,5.79385073e-09,1.54906757810279,0.00579385098377588
309,0.000170715153,0.156335816,310,0,D7R001Q01,Boegoeberg,22.2110271,-29.0627708,RESERVOIR, ,0,1.7071515e-10,0.156335810777555,0.000170715147054927
310,0.000140160511,0.234173015,311,110027,C5R007Q01,Mockes,26.4640255,-29.0583992,RESERVOIR,Mockes,0,1.40160508e-10,0.234173019272794,0.000140160517266055
311,5.82753273e-07,0.00362469233,312,110027,C5R007Q01,Mockes,26.4725132,-29.0732994,RESERVOIR,Mockes,0,5.82753247e-13,0.00362469166193877,5.82753145206358e-07
312,0.00020259447,0.115789346,313,198,V2R001Q01,Craigie Burn,30.2936649,-29.1675491,RESERVOIR, ,0,2.02594469e-10,0.115789350486301,0.000202594463683473
313,2.92229452e-05,0.0496725142,314,110099, ,Tweespruit 90,27.0579739,-29.1974201,RESERVOIR, ,0,2.92229435e-11,0.0496725127402231,2.9222945058936e-05
314,0.000180276795,0.129733369,315,217, ,Newbury,27.225893,-29.2323895,RESERVOIR, ,0,1.80276793e-10,0.129733368429569,0.000180276797065145
315,0.000107460131,0.0800206885,316,105, ,Lovedale,27.0781689,-29.2370205,RESERVOIR, ,0,1.07460131e-10,0.0800206902273062,0.000107460129074778
316,0.00100507808,0.461061209,317,199,C5R003Q01,Rustfontein,26.6292858,-29.2968693,RESERVOIR, ,0,1.00507813e-09,0.461061210152995,0.00100507813466678
317,0.000223673327,0.0989349931,318,576,C5R005Q01,Groothoek,26.865694,-29.2970409,RESERVOIR, ,0,2.2367333e-10,0.0989349930937171,0.000223673330585229
318,0.000335236138,0.131709903,319,106,D2R002Q01,Armenia,27.1304436,-29.3476791,RESERVOIR, ,0,3.35236144e-10,0.131709901840585,0.000335236131841322
319,0.000524518429,0.134594589,320,107,C5R001Q01,Tierpoort,26.1501865,-29.4106102,RESERVOIR, ,0,5.24518429e-10,0.134594591443305,0.000524518424888255
320,0.000350831804,0.118203923,321,201,D5R001Q01,Rooiberg,21.209013,-29.4128494,RESERVOIR,Rooidam,0,3.50831808e-10,0.118203913684908,0.00035083180535394
321,0.00217742426,0.355689615,322,110,U2R003Q01,Albert Falls,30.4052544,-29.4424,RESERVOIR, ,0,2.17742424e-09,0.355689621607483,0.00217742416640695
322,0.00420252467,0.911032677,323,108,C5R002Q01,Kalkfontein,25.2580719,-29.5239601,RESERVOIR, ,0,4.20252455e-09,0.911032658710456,0.00420252478688632
323,1.96346809e-06,0.00527098216,324,607, , ,25.2328911,-29.4603291,ISLAND, ,0,1.96346802e-12,0.00527098278354426,1.96346840482077e-06
324,1.46518323e-06,0.00561849354,325,606, , ,25.240099,-29.4637794,ISLAND, ,0,1.46518323e-12,0.00561849345286824,1.46518348589104e-06
325,0.00143432082,0.395932287,326,112,U2R001Q01,Midmar,30.1940727,-29.5079308,RESERVOIR, ,0,1.43432077e-09,0.395932284925729,0.00143432078580899
326,4.91166829e-05,0.0367714353,327,109, ,Damplaats190,26.1410961,-29.5010605,RESERVOIR, ,0,4.91166829e-11,0.0367714367890177,4.91166834422838e-05
327,6.4349384e-05,0.0907238126,328,114, ,Dudley Pringle,31.1396923,-29.5284004,RESERVOIR, ,0,6.43493869e-11,0.0907238111603267,6.434938169941e-05
328,1.11189183e-06,0.00456001377,329,110028, , ,31.1411076,-29.5273304,ISLAND, ,0,1.11189183e-12,0.00456001384782215,1.1118918752819e-06
329,1.23054633e-07,0.0013664026,330,110029, , ,31.1374149,-29.5282593,ISLAND, ,0,1.23054629e-13,0.00136640195715307,1.23054497383978e-07
330,8.92827811e-05,0.0751850978,331,111, ,Roodepoort468,26.5843887,-29.5419598,RESERVOIR, ,0,8.92827826e-11,0.0751850961334772,8.92827772964682e-05
331,0.000174416302,0.166327998,332,117,U3R001Q01,Hazelmere,31.0342636,-29.5823002,RESERVOIR, ,0,1.74416301e-10,0.166327999917314,0.000174416304389486
332,0.000135000228,0.0898153633,333,116,U2R002Q01,Nagle,30.6426697,-29.5939293,RESERVOIR, ,0,1.35000233e-10,0.0898153645417479,0.000135000218981833
333,9.355972e-07,0.00476091728,334,110031, , ,31.030302,-29.5887394,ISLAND, ,0,9.35597194e-13,0.00476091748126455,9.355970862181e-07
334,1.39992881e-06,0.00556841306,335,110032, , ,31.0268764,-29.5937004,ISLAND, ,0,1.39992878e-12,0.00556841290342961,1.39992914134587e-06
335,6.61759113e-05,0.0610025413,336,525,U2R005Q01,Henley,30.2442341,-29.6303005,RESERVOIR, ,0,6.6175912e-11,0.0610025397058258,6.61759119997003e-05
336,0.00067192089,0.611772716,337,579,U2R004Q01,Inanda,30.8704815,-29.7040806,RESERVOIR, ,0,6.71920908e-10,0.611772729145672,0.000671920861207114
337,7.47667655e-05,0.0917772502,338,1, ,Fouriespruit,26.0009918,-29.6621704,RESERVOIR, ,0,7.47667622e-11,0.0917772512202379,7.47667617893372e-05
338,8.73242097e-05,0.0520311967,339,115, ,Tsa-Kholo,27.1594696,-29.6720791,NATURAL, ,0,8.73242104e-11,0.0520311976205073,8.73242053872698e-05
339,4.5398283e-05,0.0416801013,340,526, ,Nooitgedacht903,30.2980328,-29.7621803,RESERVOIR, ,0,4.53982824e-11,0.0416800999567198,4.53982814138836e-05
340,3.11197218e-05,0.0324059911,341,110017,D2R006Q01,Knellpoort,26.8897266,-29.7772293,RESERVOIR, ,0,3.11197214e-11,0.0324059904436234,3.11197220899896e-05
341,0.0012567779,0.543457329,342,119,D2R004Q01,Welbedacht,26.8718395,-29.8814392,RESERVOIR, ,0,1.2567779e-09,0.54345734481148,0.00125677790002695
342,3.04926289e-07,0.00249164226,343,119,D2R004Q01,Welbedacht,26.8759727,-29.8342705,ISLAND, ,0,3.04926277e-13,0.00249164192337624,3.04926121307484e-07
343,1.67882354e-06,0.00573644089,344,119,D2R004Q01,Welbedacht,26.933115,-29.84132,ISLAND, ,0,1.67882353e-12,0.00573644117619802,1.678823786837e-06
344,3.70588168e-07,0.00252619153,345,119,D2R004Q01,Welbedacht,26.9300747,-29.8412304,ISLAND, ,0,3.70588163e-13,0.00252619169841835,3.70588408813254e-07
345,5.61251873e-05,0.0722023994,346,200,U6R001Q01,Shongweni,30.7207642,-29.8562908,RESERVOIR,Ntshongweni,0,5.61251878e-11,0.0722023962376993,5.61251897430508e-05
346,5.35450454e-07,0.00474582938,347,200,U6R001Q01,Shongweni,30.7165661,-29.8501892,ISLAND,Ntshongweni,0,5.35450427e-13,0.0047458291431363,5.35450461480814e-07
347,4.01230245e-05,0.0444007553,348,527, ,Riverdale1800,30.2371464,-29.8632603,RESERVOIR, ,0,4.0123023e-11,0.0444007574300214,4.01230248651367e-05
348,5.94312332e-05,0.0418019965,349,118, ,Bellary825,25.1987438,-29.8646698,RESERVOIR, ,0,5.94312308e-11,0.0418019981589285,5.9431231829044e-05
349,3.77166216e-05,0.0294027664,350,120, ,Nooitgedacht13,24.5655918,-29.8996391,RESERVOIR, ,0,3.77166215e-11,0.0294027665503813,3.7716623744807e-05
350,5.60060762e-05,0.0308355466,351,121, ,Potsdam645,26.7788486,-29.9142208,RESERVOIR, ,0,5.60060748e-11,0.030835545763957,5.60060755656127e-05
351,0.0113050425,3.56494856,352,194,D3R003Q01,Vanderkloof,24.8786812,-30.1522198,RESERVOIR, ,0,1.13050431e-08,3.56494851109011,0.0113050435184324
352,6.80309895e-05,0.0399515964,353,122, ,Mooifontein286,27.0231647,-29.9796696,RESERVOIR, ,0,6.80309906e-11,0.0399515964484613,6.80309865432577e-05
353,2.17603229e-05,0.0353659913,354,539,U7R002Q01,Nungwane,30.7392673,-30.007,RESERVOIR,Nungwana,0,2.17603227e-11,0.0353659906466517,2.17603224020029e-05
354,0.000227717115,0.107623823,355,123,D2R001Q01,Egmont,27.0405731,-30.0485001,RESERVOIR, ,0,2.27717109e-10,0.107623824258066,0.000227717116314563
355,0.000144341073,0.0628446564,356,124, ,Rolandseck068,26.8892784,-30.0598106,RESERVOIR, ,0,1.44341067e-10,0.0628446579156459,0.000144341068215544
356,5.75280683e-06,0.00991327409,357,828, , ,24.8166466,-30.0584202,ISLAND, ,0,5.75280665e-12,0.00991327377286826,5.75280715423496e-06
357,3.96886753e-06,0.0075841709,358,827, , ,24.7970257,-30.06213,ISLAND, ,0,3.96886734e-12,0.00758417089165966,3.96886779987776e-06
358,8.64668473e-05,0.0438778438,359,829, , ,24.7887421,-30.0668106,ISLAND, ,0,8.64668476e-11,0.0438778449193547,8.64668451034328e-05
359,0.000480684481,0.0940856412,360,830, , ,24.8347416,-30.0778198,ISLAND, ,0,4.80684492e-10,0.0940856399163384,0.000480684470161546
360,4.60855517e-07,0.00250588055,361,826, , ,24.8439598,-30.0989494,ISLAND, ,0,4.60855529e-13,0.00250588003963183,4.60855274165498e-07
361,2.80396089e-05,0.05660519,362,529,U7R001Q01,Umgababa,30.8045254,-30.1481304,RESERVOIR, ,0,2.80396088e-11,0.0566051907356586,2.8039607861413e-05
362,3.11070107e-06,0.00759949395,363,110081,T3R001Q01,Belfort,28.7210312,-30.1614895,RESERVOIR, ,0,3.11070115e-12,0.00759949495012114,3.11070124251712e-06
363,2.63103193e-05,0.0245935153,364,825, , ,24.9243526,-30.2106094,ISLAND, ,0,2.63103185e-11,0.0245935159094717,2.63103199405494e-05
364,7.78933827e-06,0.0108691547,365,824, , ,24.9573956,-30.2191696,ISLAND, ,0,7.78933862e-12,0.0108691550914736,7.78933828728102e-06
365,7.6647957e-06,0.0105687575,366,823, , ,24.9441185,-30.2264709,ISLAND, ,0,7.66479588e-12,0.0105687586930681,7.66479497462743e-06
366,2.66171446e-06,0.00682837423,367,822, , ,24.9600506,-30.2369404,ISLAND, ,0,2.66171438e-12,0.00682837529176953,2.66171529872e-06
367,4.65288576e-06,0.0128844716,368,110059,T5R002Q01,Singisi,29.5371895,-30.2511292,RESERVOIR, ,0,4.65288572e-12,0.0128844708020401,4.65288562367353e-06
368,9.81750418e-07,0.00373225426,369,821, , ,24.9540024,-30.2645302,ISLAND, ,0,9.8175038e-13,0.00373225436389947,9.81750456464615e-07
369,9.40228783e-05,0.0708026141,370,125, ,Montague547,27.1755486,-30.3053703,RESERVOIR, ,0,9.40228798e-11,0.070802612216869,9.40228801156302e-05
370,7.00823512e-06,0.0170812402,371,530,U8R001Q01,Mzinto,30.5935287,-30.3099899,RESERVOIR, ,0,7.00823514e-12,0.0170812408152477,7.00823463958023e-06
371,1.14159047e-06,0.00417832518,372,820, , ,25.025692,-30.3154202,ISLAND, ,0,1.14159051e-12,0.00417832534813664,1.14159055089781e-06
372,1.76140111e-05,0.0304513816,373,110024, ,EJ Smith,30.667881,-30.3204098,RESERVOIR, ,0,1.76140109e-11,0.0304513827546626,1.76140120434132e-05
373,0.000706135063,0.186103478,374,126,D5R002Q01,Vanwyksvlei,21.7998466,-30.4119892,RESERVOIR,Van Wyksvlei Dam,0,7.06135039e-10,0.18610348108712,0.000706135094398756
374,3.59288279e-05,0.0387412086,375,127, ,Sterkwater189,26.6979275,-30.3851795,RESERVOIR, ,0,3.59288294e-11,0.0387412079208572,3.59288274624571e-05
375,7.12381734e-07,0.00360761955,376,126,D5R002Q01,Vanwyksvlei,21.8022213,-30.3985291,ISLAND,Van Wyksvlei Dam,0,7.12381759e-13,0.00360761949599705,7.12381734152334e-07
376,1.03869388e-06,0.0044576209,377,126,D5R002Q01,Vanwyksvlei,21.8139324,-30.4008293,ISLAND,Van Wyksvlei Dam,0,1.03869387e-12,0.00445761987027292,1.03869317588881e-06
377,0.0346583612,6.11857414,378,129,D3R002Q01,Gariep,25.7055054,-30.6908607,RESERVOIR, ,0,3.46583597e-08,6.11857403463189,0.0346583624488065
378,8.28049451e-07,0.00379178743,379,126,D5R002Q01,Vanwyksvlei,21.8069687,-30.4093704,ISLAND,Van Wyksvlei Dam,0,8.28049435e-13,0.00379178719375415,8.28049388993801e-07
379,3.14753051e-05,0.0309851095,380,128, ,Slingersfontein186,24.4936085,-30.4162292,RESERVOIR, ,0,3.1475305e-11,0.0309851084265672,3.14753054948732e-05
380,2.9719904e-06,0.00872753374,381,126,D5R002Q01,Vanwyksvlei,21.7943859,-30.4160194,ISLAND,Van Wyksvlei Dam,0,2.97199049e-12,0.00872753324090906,2.97199028558695e-06
381,1.23784594e-06,0.00498570874,382,126,D5R002Q01,Vanwyksvlei,21.8087101,-30.4206905,ISLAND,Van Wyksvlei Dam,0,1.23784598e-12,0.00498570942833604,1.23784632818445e-06
382,1.69508367e-05,0.0257461667,383,130, ,Boonstevlei,18.7285538,-30.4514008,RESERVOIR, ,0,1.69508366e-11,0.0257461649523792,1.69508361816689e-05
383,2.59777917e-05,0.0260620732,384,131, ,Klipfontein010,26.4964943,-30.4688797,RESERVOIR, ,0,2.59777911e-11,0.0260620750682637,2.59777936551982e-05
384,0.000147003142,0.0604754612,385,132,D3R001Q01,Bethulie,25.9705753,-30.4794197,RESERVOIR, ,0,1.47003146e-10,0.0604754602768752,0.000147003145947919
385,7.21491233e-05,0.0478493609,386,133, ,Strydpoort,26.6043644,-30.5302792,RESERVOIR, ,0,7.214912e-11,0.0478493582178367,7.2149127462945e-05
386,1.93111318e-05,0.0197186787,387,837, , ,25.5716476,-30.5733604,ISLAND, ,0,1.93111326e-11,0.0197186784217633,1.93111318031056e-05
387,3.0383635e-06,0.00753425295,388,842, , ,25.6105003,-30.5799007,ISLAND, ,0,3.0383634e-12,0.00753425434237057,3.03836362777952e-06
388,2.47551361e-06,0.00597856054,389,841, , ,25.6221561,-30.5799007,ISLAND, ,0,2.47551372e-12,0.00597856078567631,2.47551388615332e-06
389,1.52194661e-06,0.00590009289,390,843, , ,25.6129723,-30.58255,ISLAND, ,0,1.52194663e-12,0.00590009251257561,1.52194665453921e-06
390,3.29054419e-05,0.0303351749,391,137, ,Doorskuilen100,23.3316326,-30.6002808,RESERVOIR, ,0,3.29054423e-11,0.0303351739019102,3.29054421275814e-05
391,2.67767955e-05,0.025376454,392,835, , ,25.5961952,-30.60215,ISLAND, ,0,2.67767961e-11,0.0253764541286409,2.67767948279986e-05
392,1.52898847e-05,0.0142077543,393,834, , ,25.5855999,-30.6032104,ISLAND, ,0,1.52898839e-11,0.014207754552278,1.52898841975774e-05
393,2.95606333e-06,0.00678271893,394,839, , ,25.539505,-30.6033897,ISLAND, ,0,2.95606335e-12,0.00678271886015125,2.9560632806523e-06
394,0.00261978828,0.412172973,395,138,D6R002Q01,Smartt Syndicate,23.2850647,-30.6448708,RESERVOIR, ,0,2.61978839e-09,0.412172962251299,0.00261978823889067
395,1.90865285e-06,0.005629397,396,836, , ,25.589838,-30.6150398,ISLAND, ,0,1.90865292e-12,0.00562939713096765,1.908652746982e-06
396,1.55564521e-06,0.00536352908,397,840, , ,25.5478058,-30.6187496,ISLAND, ,0,1.55564526e-12,0.00536352908592579,1.55564507574938e-06
397,5.61274828e-06,0.0123817241,398,838, , ,25.5409184,-30.6256409,ISLAND, ,0,5.61274811e-12,0.0123817238681693,5.61274840341835e-06
398,1.17358959e-05,0.0135716563,399,855, , ,25.8237133,-30.6298599,ISLAND, ,0,1.17358961e-11,0.0135716564342793,1.17358966771433e-05
399,8.58259591e-06,0.0158887524,400,859, , ,25.6269054,-30.6331806,ISLAND, ,0,8.58259557e-12,0.0158887512712269,8.58259683960122e-06
400,8.49697608e-06,0.0117808161,401,847, , ,25.6781197,-30.6340809,ISLAND, ,0,8.49697569e-12,0.0117808156989414,8.49697600031798e-06
401,1.04869468e-06,0.00391369499,402,858, , ,25.623436,-30.6365395,ISLAND, ,0,1.04869466e-12,0.00391369481905858,1.04869456615268e-06
402,1.69553095e-05,0.0174047481,403,857, , ,25.8428974,-30.6412601,ISLAND, ,0,1.69553087e-11,0.0174047480297163,1.69553087406226e-05
403,2.23234201e-06,0.00574302068,404,853, , ,25.8079033,-30.6382809,ISLAND, ,0,2.23234192e-12,0.00574301966816123,2.23234203043356e-06
404,3.6702113e-07,0.00305049191,405,852, , ,25.803297,-30.6383209,ISLAND, ,0,3.67021138e-13,0.00305049194086581,3.67021031274331e-07
405,1.72174623e-07,0.00156405941,406,854, , ,25.809454,-30.6385994,ISLAND, ,0,1.72174625e-13,0.00156405905629471,1.72174434703335e-07
406,2.17755223e-06,0.00724442257,407,844, , ,25.6629047,-30.6400604,ISLAND, ,0,2.17755219e-12,0.0072444218733375,2.17755198472644e-06
407,2.02171577e-07,0.00171664299,408,845, , ,25.6642017,-30.6410007,ISLAND, ,0,2.02171572e-13,0.00171664339738399,2.02171589526438e-07
408,8.41463043e-06,0.0131246997,409,856, , ,25.8270092,-30.6424103,ISLAND, ,0,8.4146301e-12,0.0131247002030243,8.41463049122851e-06
409,4.05798346e-07,0.00252309022,410,846, , ,25.6592274,-30.6430893,ISLAND, ,0,4.05798333e-13,0.00252309027513154,4.05798444157462e-07
410,1.07966844e-06,0.00676891999,411,849, , ,25.7011929,-30.6472797,ISLAND, ,0,1.07966847e-12,0.0067689199276059,1.07966841747525e-06
411,8.4783147e-05,0.0448519476,412,848, , ,25.6696835,-30.6539097,ISLAND, ,0,8.47831458e-11,0.0448519461768273,8.47831469592825e-05
412,4.14818205e-05,0.046278242,413,850, , ,25.6613903,-30.6761208,ISLAND, ,0,4.14818215e-11,0.046278241042164,4.14818206286746e-05
413,1.80931966e-06,0.00659766328,414,851, , ,25.745718,-30.6971798,ISLAND, ,0,1.80931962e-12,0.00659766343210152,1.80931958888381e-06
414,1.71728188e-05,0.0309514571,415,531,T5R001Q01,Gilbert Eyles,30.148407,-30.7235794,RESERVOIR, ,0,1.71728187e-11,0.0309514556743585,1.71728189458468e-05
415,0.000227801269,0.14997305,416,139, ,Mooimeisjeskop044,24.6290054,-30.8783092,RESERVOIR, ,0,2.27801264e-10,0.149973042775304,0.000227801267301726
416,0.000107231972,0.056387566,417,140, ,Schuilhoek081,24.7911911,-31.0213509,RESERVOIR, ,0,1.07231973e-10,0.0563875693624668,0.000107231971408895
417,1.74008856e-05,0.0211553834,418,141, ,Vryelaagte529,22.1026077,-31.0576897,RESERVOIR, ,0,1.74008863e-11,0.0211553826830856,1.74008858340932e-05
418,3.30657058e-05,0.0284298565,419,143, ,Bergendal179,25.1566525,-31.1516895,RESERVOIR, ,0,3.30657064e-11,0.0284298563924733,3.30657048369888e-05
419,0.000227648547,0.0947008878,420,144, ,Kriegerspoort,24.5472374,-31.2930908,RESERVOIR, ,0,2.27648553e-10,0.0947008867640081,0.000227648546401841
420,3.71052156e-05,0.0362882838,421,146, ,Rietfontein572,22.5085697,-31.3209991,RESERVOIR, ,0,3.71052147e-11,0.0362882846122289,3.71052170009179e-05
421,1.97847512e-05,0.0366014764,422,110060,T6R001Q01,Magwa,29.653286,-31.3655109,RESERVOIR, ,0,1.9784752e-11,0.0366014753952205,1.97847527888164e-05
422,6.4939406e-05,0.035137102,423,147, ,Colletskraal131,24.570385,-31.3810196,RESERVOIR, ,0,6.4939408e-11,0.0351371011967475,6.49394049724012e-05
423,2.53529379e-05,0.0319311805,424,148, ,Soutpoort,22.7286949,-31.3898506,RESERVOIR, ,0,2.53529385e-11,0.0319311816366922,2.5352936744438e-05
424,3.61662933e-06,0.0168803222,425,149,D6R001Q01,Victoria West,23.0995159,-31.4020596,RESERVOIR, ,0,3.61662935e-12,0.0168803250170364,3.61662912689383e-06
425,1.77154216e-05,0.0247496013,426,110043,T3R004Q01,Nqadu,28.7602177,-31.40868,RESERVOIR, ,0,1.77154211e-11,0.0247496019488638,1.7715421411184e-05
426,0.000191841886,0.0921009853,427,153, ,Brakfontein541,20.2227478,-31.4182892,RESERVOIR, ,0,1.9184189e-10,0.0921009807557925,0.000191841882373467
427,1.98605376e-05,0.0205138009,428,110076,E4R001Q01,Karee,19.7881031,-31.4266796,RESERVOIR, ,0,1.98605368e-11,0.0205138026304663,1.98605367222225e-05
428,1.97571135e-05,0.0290748887,429,110084,T7R001Q01,Mlanga,28.926342,-31.4327507,RESERVOIR,eMhlangla,0,1.97571126e-11,0.0290748866452974,1.9757113386406e-05
429,6.61192826e-05,0.0472492203,430,151, ,Aspeling,22.7733688,-31.4410801,RESERVOIR, ,0,6.61192837e-11,0.0472492194276106,6.61192818200066e-05
430,3.16911246e-06,0.00683828024,431,110011, ,Aspeling,22.7732792,-31.4383907,ISLAND, ,0,3.16911254e-12,0.00683827945067424,3.16911160561463e-06
431,3.23938511e-05,0.0383665785,432,110080,T2R002Q01,Mabeleni,28.5600166,-31.4468594,RESERVOIR, ,0,3.23938515e-11,0.0383665798820362,3.23938497984322e-05
432,5.11779763e-05,0.0325664803,433,152, ,Nieuwefontein089,23.5326691,-31.4524593,RESERVOIR, ,0,5.11779751e-11,0.0325664796548982,5.11779769077442e-05
433,0.00151552144,0.822470188,434,240,T2R001Q01,Umtata,28.7335072,-31.5411396,RESERVOIR, ,0,1.51552149e-09,0.822470191389881,0.00151552141892375
434,2.05195538e-05,0.0223962292,435,154, ,Biesjespoort140,22.3955021,-31.4556007,RESERVOIR, ,0,2.05195531e-11,0.0223962277393522,2.05195529747478e-05
435,0.000107305983,0.0646568611,436,155, ,Welgelegen74N,24.2758884,-31.4661407,RESERVOIR, ,0,1.07305977e-10,0.0646568608499498,0.00010730597435171
436,8.04778538e-05,0.0435213186,437,157, ,Loxton,22.3681278,-31.4775391,RESERVOIR, ,0,8.04778535e-11,0.0435213209623506,8.04778545262594e-05
437,0.000117653428,0.0660153404,438,156, ,Welgelegen74W,24.2552719,-31.4843597,RESERVOIR, ,0,1.17653429e-10,0.0660153398123648,0.000117653431293114
438,0.0003275052,0.101715647,439,571,S2R002Q01,Indwe,27.3327961,-31.4984493,RESERVOIR,Doringrivier,0,3.2750519e-10,0.101715649501092,0.000327505187893145
439,4.94927845e-05,0.0287727788,440,158, ,Klerksfontein180a,23.3163452,-31.4879208,RESERVOIR, ,0,4.94927849e-11,0.0287727817701415,4.94927851064884e-05
440,4.3983764e-06,0.0104010357,441,110036, ,Klerksfontein180b,23.3211975,-31.4853802,RESERVOIR, ,0,4.39837619e-12,0.0104010384697342,4.39837760889381e-06
441,3.74838492e-05,0.0241641644,442,160, ,Biesjesfontein186,23.1377068,-31.5015392,RESERVOIR, ,0,3.74838494e-11,0.024164165722693,3.7483849180837e-05
442,6.55337208e-05,0.0468395054,443,161, ,Buffelsvlei120,25.1083946,-31.5242691,RESERVOIR, ,0,6.55337173e-11,0.0468395028622522,6.55337246765545e-05
443,5.82871871e-05,0.0352662615,444,162, ,Klipperif112,25.4469452,-31.5370293,RESERVOIR, ,0,5.82871876e-11,0.0352662619000839,5.82871871187894e-05
444,0.000219914131,0.0774526075,445,1, ,Zoete Valey 115,24.228384,-31.5811996,RESERVOIR, ,0,2.19914129e-10,0.0774526022272535,0.000219914131096854
445,6.87033244e-05,0.0637596697,446,164, ,Kelly-Patterson,25.0321198,-31.6311607,RESERVOIR, ,0,6.87033277e-11,0.063759668581939,6.87033272206302e-05
446,4.1206913e-05,0.0271312799,447,165, ,Drupfontein208,22.8452511,-31.6853409,RESERVOIR, ,0,4.12069129e-11,0.0271312788512641,4.12069101956383e-05
447,0.00125253666,0.220840052,448,241,Q1R001Q01,Grassridge,25.4598389,-31.7480202,RESERVOIR, ,0,1.25253663e-09,0.220840058293846,0.00125253670350683
448,5.41799018e-05,0.0305316541,449,166, ,Gabrielsbake2,23.4011803,-31.7297096,RESERVOIR, ,0,5.41799001e-11,0.0305316550234509,5.41799021339656e-05
449,0.00127688213,0.504929841,450,242,S5R001Q01,Ncora,27.6483746,-31.7786102,RESERVOIR, ,0,1.27688216e-09,0.504929833496621,0.00127688215931316
450,0.00107361772,0.264467448,451,243,S2R001Q01,Lubisi,27.4098244,-31.78549,RESERVOIR, ,0,1.07361775e-09,0.264467458698957,0.00107361774685261
451,8.6733944e-06,0.0174386315,452,110007, , ,25.4568176,-31.7513599,ISLAND, ,0,8.67339447e-12,0.0174386314502321,8.6733947337467e-06
452,0.00140137528,0.351282656,453,244,S1R001Q01,Xonxa,27.1388893,-31.8230801,RESERVOIR, ,0,1.40137524e-09,0.35128266369206,0.00140137522648426
453,0.000124048689,0.0538875386,454,245,S3R002Q01,Bonkolo,26.9206142,-31.8679504,RESERVOIR, ,0,1.24048688e-10,0.0538875377542309,0.000124048694687624
454,2.57360662e-05,0.0219425783,455,167, ,Driefontein026,23.8892193,-31.8666096,RESERVOIR, ,0,2.57360661e-11,0.0219425780611359,2.57360648905461e-05
455,0.000170717554,0.0732682496,456,601,S5R002Q01,Tsojana,27.6336002,-31.8848705,RESERVOIR, ,0,1.70717551e-10,0.0732682503996163,0.000170717554642336
456,5.12214719e-05,0.0322836116,457,168, ,Fonkfontein336,22.0870094,-31.9204502,RESERVOIR, ,0,5.12214715e-11,0.0322836087508123,5.12214719689555e-05
457,0.000127379724,0.0574711896,458,169, ,Modderpoort,22.1451206,-31.9506893,RESERVOIR, ,0,1.27379718e-10,0.0574711894329377,0.000127379722994315
458,3.07235969e-05,0.0219597351,459,170, ,Merino047,24.0971146,-31.9910908,RESERVOIR, ,0,3.07235973e-11,0.0219597371741585,3.07235953300621e-05
459,0.000134736547,0.208840534,460,568,E1R001Q01,Bulshoek,18.8112431,-32.0265007,RESERVOIR, ,0,1.34736541e-10,0.208840528774911,0.000134736546057205
460,8.58875865e-07,0.0041346387,461,567, , ,18.8201046,-32.0452003,ISLAND, ,0,8.5887585e-13,0.00413463831105514,8.58875446349194e-07
461,5.9386366e-08,0.000959551719,462,566, , ,18.8254375,-32.050621,ISLAND, ,0,5.93863676e-14,0.000959551863406692,5.93863012470702e-08
462,2.95591708e-05,0.0236693006,463,171, ,Bruinrug064,23.0970154,-32.0576096,RESERVOIR, ,0,2.95591711e-11,0.0236693012241933,2.95591705407591e-05
463,3.0657975e-07,0.00222386816,464,565, , ,18.8245201,-32.0558395,ISLAND, ,0,3.0657974e-13,0.00222386811370375,3.06579937178166e-07
464,0.0008093816,0.291290551,465,246,Q4R002Q01,Kommandodrift,26.0341854,-32.0859184,RESERVOIR, ,0,8.09381617e-10,0.291290536690575,0.000809381593340641
465,0.000224897303,0.198059723,466,532,S7R002Q01,Xilinxa,28.0971451,-32.1340599,RESERVOIR, ,0,2.24897309e-10,0.198059718199357,0.00022489730344253
466,0.00143357133,0.234318271,467,172,N1R001Q01,Vanryneveldspas,24.5205364,-32.2050591,RESERVOIR, ,0,1.43357137e-09,0.234318263324929,0.0014335712804515
467,0.000905187102,0.511559486,468,174,E1R002Q01,Clanwilliam,18.9190121,-32.239769,RESERVOIR, ,0,9.05187092e-10,0.511559480224296,0.000905187072859802
468,0.000704732258,0.145439059,469,1,Q4R001Q01,Lake Arthur,25.8206577,-32.2109489,RESERVOIR, ,0,7.04732273e-10,0.145439056903503,0.000704732257902324
469,0.000226336459,0.191085637,470,257,S3R001Q01,Waterdown,26.8668575,-32.3018799,RESERVOIR, ,0,2.26336463e-10,0.191085643104501,0.000226336464785239
470,2.80341483e-05,0.0402894653,471,110071,S7R001Q01,Gcuwa,28.1343956,-32.3138695,RESERVOIR, ,0,2.80341479e-11,0.0402894661553616,2.80341480672923e-05
471,0.000927247107,0.375372857,472,178,G3R001Q01,Verlorevlei,18.4320564,-32.3448906,NATURAL,Verlore Vlei,0,9.27247112e-10,0.375372845222683,0.000927247095143806
472,0.000101000958,0.0443846695,473,258,J2R004Q01,Gamka,22.5910149,-32.3421402,RESERVOIR,Beaufort West,0,1.01000958e-10,0.0443846684761936,0.000101000954980597
473,6.88184446e-06,0.0124076698,474,110092,S7R003Q01,Toleni,27.9795532,-32.3725204,RESERVOIR, ,0,6.88184449e-12,0.012407670092807,6.88184417330012e-06
474,0.000488692662,0.137266636,475,569, ,Bushmanskrantz,19.9163322,-32.3966484,RESERVOIR, ,0,4.88692642e-10,0.13726663910794,0.000488692648293103
475,3.33249554e-05,0.0233699754,476,175, ,Kruisrivier120,24.0759621,-32.3921394,RESERVOIR, ,0,3.33249539e-11,0.0233699739365748,3.33249541334684e-05
476,2.59143053e-05,0.0270838495,477,176, ,Pap,22.6306877,-32.3939209,RESERVOIR, ,0,2.59143054e-11,0.027083849467695,2.59143043341292e-05
477,1.7798131e-05,0.0253750421,478,177, ,Grootevlakte132,24.2817154,-32.4138184,RESERVOIR, ,0,1.7798131e-11,0.0253750426615173,1.77981315034212e-05
478,0.00055341213,0.117980249,479,179,G5R001Q01,De Hoop,24.4043598,-32.4326591,RESERVOIR, ,0,5.53412149e-10,0.117980248776362,0.000553412126841979
479,2.35700609e-05,0.0321303718,480,110052,J2R005Q01,Stols River,22.4659576,-32.4244308,RESERVOIR,Stolsrivierdam,0,2.35700608e-11,0.0321303728772128,2.35700620961956e-05
480,2.644915e-05,0.023273848,481,180, ,Noodhulp468,24.868372,-32.4255409,RESERVOIR, ,0,2.64491502e-11,0.0232738476548007,2.64491496366355e-05
481,0.00028661525,0.40282169,482,110067,Q5R001Q01,Elandsdrift,25.7678986,-32.5242996,RESERVOIR, ,0,2.86615259e-10,0.402821697800752,0.000286615252608566
482,1.67340331e-05,0.0154921301,483,110039, ,Tweefontein143b,24.1848278,-32.4707603,RESERVOIR, ,0,1.67340326e-11,0.0154921303366794,1.67340334577765e-05
483,4.08002015e-05,0.0322717763,484,182, ,Tweefontein143a,24.1838017,-32.4761314,RESERVOIR, ,0,4.08002e-11,0.0322717772494853,4.08002007857661e-05
484,2.00227623e-05,0.0182868987,485,183, ,Droogerivier034,24.9945621,-32.5298004,RESERVOIR, ,0,2.0022763e-11,0.0182868984095392,2.00227622309987e-05
485,0.000153596367,0.133549139,486,537,Q9R001Q01,Kat River,26.7768555,-32.5745316,RESERVOIR,Katrivier,0,1.53596372e-10,0.133549144654592,0.00015359637316746
486,3.59330807e-06,0.0129541932,487,110013,S6R002Q01,Wriggleswade,27.5640907,-32.575531,RESERVOIR, ,0,3.59330816e-12,0.0129541927631732,3.5933067263749e-06
487,9.78111348e-05,0.100215383,488,577,S6R001Q01,Gubu,27.2769203,-32.6100082,RESERVOIR, ,0,9.78111342e-11,0.100215380437064,9.78111326488673e-05
488,0.000312575634,0.130810738,489,202,J2R002Q01,Leeugamka,22.011713,-32.6075287,RESERVOIR, ,0,3.12575632e-10,0.130810729772376,0.000312575631435689
489,7.00158707e-05,0.0478457175,490,110100,R1R002Q01,Cata,27.1195602,-32.6284904,RESERVOIR, ,0,7.00158681e-11,0.0478457168054805,7.00158727669044e-05
490,4.03277845e-05,0.0317569524,491,227,N3R001Q01,Blyderivier,25.2205925,-32.6754608,RESERVOIR, ,0,4.03277862e-11,0.0317569544860905,4.03277838061452e-05
491,0.000227227283,0.128436238,492,2321,R1R003Q01,Binfield,26.9127655,-32.692131,RESERVOIR, ,0,2.27227279e-10,0.128436238074176,0.000227227273947841
492,0.000159011382,0.105520673,493,110006,R1R001Q01,Sandile,27.1071186,-32.7132797,RESERVOIR, ,0,1.59011387e-10,0.10552067615817,0.000159011379300791
493,8.7178596e-06,0.0148054818,494,110106, ,Maden,27.2987328,-32.7371101,RESERVOIR,Maden,0,8.71785977e-12,0.0148054822476909,8.71785983478354e-06
494,6.94690316e-05,0.0627106577,495,100459,R2R002Q01,Rooikrantz,27.3224831,-32.7501106,RESERVOIR,"Rooikrans;Quesha",0,6.94690347e-11,0.0627106514039413,6.94690342722312e-05
495,4.42150886e-05,0.0285192318,496,184, ,Aardoorns365,22.9199753,-32.8210983,RESERVOIR, ,0,4.42150899e-11,0.0285192311234455,4.42150875982295e-05
496,5.30525176e-05,0.0305791665,497,185, ,Blikkraal366,22.8356361,-32.8625183,RESERVOIR, ,0,5.30525172e-11,0.0305791674725182,5.30525182952814e-05
497,0.000163597288,0.0804043859,498,186, ,Rietrivier202,19.2397099,-32.8717194,RESERVOIR, ,0,1.63597288e-10,0.0804043802648423,0.000163597293620147
498,6.94641494e-05,0.0404867828,499,187, ,Demeul427,19.3267784,-32.8771095,RESERVOIR, ,0,6.94641497e-11,0.0404867844946868,6.94641474215868e-05
499,0.000213325853,0.189848498,500,1,R3R001Q01,Nahoon,27.8010178,-32.9061394,RESERVOIR, ,0,2.13325857e-10,0.189848490568584,0.000213325859602925
500,6.12842996e-07,0.00409168983,501,2, , ,27.7937756,-32.9058189,ISLAND, ,0,6.12843001e-13,0.00409169081345993,6.12842529782441e-07
501,5.59004548e-07,0.00360739627,502,3, , ,27.7914982,-32.9062195,ISLAND, ,0,5.59004557e-13,0.0036073964697821,5.59004378072326e-07
502,0.000192813095,0.193050742,503,103950,R2R001Q01,Laing,27.4967041,-32.9554405,RESERVOIR, ,0,1.92813099e-10,0.193050734937908,0.000192813090863413
503,8.92450771e-07,0.0047751856,504,103951, , ,27.4758034,-32.9383011,ISLAND, ,0,8.92450773e-13,0.00477518613100241,8.92450877710171e-07
504,0.000557677296,0.368837684,505,104486,R2R003Q01,Bridle Drift,27.7083206,-32.9799614,RESERVOIR, ,0,5.57677293e-10,0.368837671204934,0.000557677300065553
505,0.00186452677,0.447739214,506,562,L3R001Q01,Beervlei,23.4615631,-33.0453415,RESERVOIR, ,0,1.86452676e-09,0.447739197325604,0.00186452678319878
506,6.3074549e-06,0.0164520685,507,563, , ,23.4986019,-33.0107994,ISLAND, ,0,6.30745499e-12,0.0164520675960908,6.30745511775004e-06
507,2.64050832e-05,0.0233844314,508,110021,G1R003Q01,Misverstand,18.7914791,-33.0289612,RESERVOIR, ,0,2.6405083e-11,0.0233844317720139,2.64050841605154e-05
508,0.00521940459,0.876547635,509,273,N2R001Q01,Darlington,25.1475735,-33.1515198,RESERVOIR,Lake Mentz,0,5.21940446e-09,0.876547655947494,0.00521940462118431
509,3.54124859e-06,0.00889299065,510,608, , ,25.1541557,-33.2044907,ISLAND, ,0,3.54124867e-12,0.00889299144726806,3.54124855897822e-06
510,1.11913496e-05,0.0193636734,511,592,J2R003Q01,Oukloof,22.0925617,-33.2464218,RESERVOIR, ,0,1.11913508e-11,0.0193636737777894,1.11913504614199e-05
511,0.000658020843,0.257851213,512,275,J1R003Q01,Floriskraal,20.9848099,-33.2744217,RESERVOIR, ,0,6.5802086e-10,0.257851223223621,0.000658020829644576
512,0.000605478243,0.469530135,513,274,J2R006Q01,Gamkapoort,21.6379128,-33.2989502,RESERVOIR, ,0,6.05478223e-10,0.469530128330047,0.000605478235082064
513,4.63323158e-06,0.0112352772,514,110008, , ,20.984642,-33.267971,ISLAND, ,0,4.63323173e-12,0.0112352765863635,4.6332307017233e-06
514,8.31118086e-07,0.00362340617,515,110009, , ,20.9900055,-33.2680283,ISLAND, ,0,8.31118106e-13,0.00362340641640564,8.31118077752218e-07
515,5.56961386e-05,0.0677561015,516,110085,P1R003Q01,New Years,26.1147137,-33.2944107,RESERVOIR,Nuwejaars,0,5.56961387e-11,0.067756097240013,5.56961390763154e-05
516,8.38578126e-06,0.0202072617,517,110074,P1R002Q01,Milner,26.429594,-33.3121109,RESERVOIR, ,0,8.38578165e-12,0.0202072609875545,8.38578134442346e-06
517,1.47623496e-05,0.0234370138,518,110075,P1R001Q01,Jameson,26.4399815,-33.3177605,RESERVOIR, ,0,1.47623511e-11,0.0234370136374107,1.47623510000617e-05
518,0.00145024923,0.198673472,519,206,G1R001Q01,Voelvlei,19.040556,-33.3648911,RESERVOIR, ,0,1.45024925e-09,0.198673474345592,0.00145024918123421
519,6.5068416e-05,0.0455459878,520,276,H2R002Q01,Lakenvallei,19.5799255,-33.3608208,RESERVOIR, ,0,6.50684159e-11,0.0455459856798605,6.50684160862658e-05
520,3.92913353e-06,0.0121560981,521,110066,H1R003Q01,Ceres,19.2737617,-33.3623199,RESERVOIR, ,0,3.92913349e-12,0.0121560994403386,3.92913302332273e-06
521,7.83205178e-06,0.0221631583,522,110090,N4R001Q01,Slagboom,25.6682491,-33.3692818,RESERVOIR, ,0,7.83205185e-12,0.0221631574234909,7.83205166383396e-06
522,1.52128923e-05,0.0333769247,523,110072,P3R001Q01,Howisons Poort,26.4837894,-33.3859215,RESERVOIR, ,0,1.52128917e-11,0.0333769230517741,1.5212892217272e-05
523,6.17106853e-05,0.0587690324,524,110078,J3R003Q01,Koos Raubenheimer,22.2843742,-33.4063492,RESERVOIR, ,0,6.17106852e-11,0.0587690314477243,6.17106880875646e-05
524,5.2693882e-05,0.143449709,525,110089,P3R002Q01,Settlers,26.5076866,-33.4136696,RESERVOIR, ,0,5.26938805e-11,0.143449711358344,5.2693881505899e-05
525,8.78115679e-06,0.0253792573,526,597,H2R001Q01,Roode Els,19.5688133,-33.4353905,RESERVOIR, ,0,8.78115722e-12,0.0253792578006457,8.78115649602495e-06
526,3.92537077e-05,0.0674859434,527,110065,J2R001Q01,Calitzdorp,21.7057457,-33.4877014,RESERVOIR, ,0,3.92537079e-11,0.0674859414389746,3.92537077952748e-05
527,4.08705491e-05,0.05755613,528,110087,J1R001Q01,Prins River,20.7528286,-33.5132103,RESERVOIR,Prinsrivier,0,4.087055e-11,0.057556129939664,4.08705490100963e-05
528,0.000306931499,0.294904172,529,277,J3R002Q01,Stompdrift,22.6294746,-33.5128403,RESERVOIR, ,0,3.06931508e-10,0.294904182236774,0.000306931494370268
529,9.26847861e-07,0.00400023721,530,0,J3R002Q01,Stompdrift,22.6963654,-33.5038109,ISLAND, ,0,9.268479e-13,0.00400023702038645,9.26847943354657e-07
530,7.59715476e-05,0.0741984397,531,278,H4R002Q01,Keerom,19.7049999,-33.5817795,RESERVOIR, ,0,7.59715485e-11,0.0741984374109777,7.59715443925114e-05
531,3.2544267e-07,0.00272856094,532,110014, , ,19.7014961,-33.5792999,ISLAND, ,0,3.25442662e-13,0.00272856120234364,3.25442882012965e-07
532,0.000375360803,0.328183413,533,279,J3R001Q01,Kammanassie,22.412262,-33.648571,RESERVOIR, ,0,3.75360798e-10,0.32818342032248,0.000375360804057084
533,0.000683207356,0.903585076,534,110079,L8R001Q01,Kouga,24.5907402,-33.7380409,RESERVOIR, ,0,6.8320738e-10,0.903585059904344,0.000683207355505886
534,2.07758676e-05,0.0325040407,535,593,H3R002Q01,Pietersfontein,20.01688,-33.6688309,RESERVOIR, ,0,2.07758671e-11,0.0325040386949361,2.07758684368492e-05
535,0.00187359576,0.244148761,536,280,H1R001Q01,Brandvlei,19.4311466,-33.7121315,RESERVOIR,Lake Marais,0,1.87359572e-09,0.244148759092691,0.00187359571242212
536,4.33786045e-05,0.0691596493,537,575,M1R001Q01,Groendal,25.2604675,-33.6890106,RESERVOIR, ,0,4.33786028e-11,0.0691596488949412,4.33786036620115e-05
537,0.000168783881,0.126866817,538,0,J1R002Q01,Bellair,20.5846176,-33.7162895,RESERVOIR, ,0,1.68783876e-10,0.126866825054213,0.000168783873199163
538,0.000846083625,0.208007932,539,564,H4R004Q01,Kwaggaskloof,19.4340305,-33.7713699,RESERVOIR, ,0,8.46083648e-10,0.208007938842395,0.00084608360523354
539,0.000110267822,0.0860170051,540,282,H4R001Q01,Moordkuil,19.4584846,-33.7988701,RESERVOIR,Draaivlei,0,1.10267823e-10,0.0860170090937713,0.000110267820702127
540,7.94123116e-06,0.0380641073,541,110058,M1R002Q01,Bulk River,25.1734867,-33.8024902,RESERVOIR, ,0,7.94123101e-12,0.0380641068701475,7.94123050515443e-06
541,0.000292636105,0.117879763,542,283,G1R002Q01,Wemmershoek,19.0955696,-33.8267708,RESERVOIR, ,0,2.9263611e-10,0.117879764442143,0.000292636108029651
542,2.46221571e-05,0.0276945494,543,590,J1R004Q01,Miertjieskraal,21.1335087,-33.8285789,RESERVOIR, ,5509,2.46221567e-11,0.0276945490481537,2.46221568471108e-05
543,4.4722663e-05,0.0510973893,544,110091,H1R002Q01,Stettynskloof,19.2457314,-33.8366699,RESERVOIR, ,0,4.47226631e-11,0.0510973883964966,4.47226635834127e-05
544,1.16859883e-06,0.0054115192,545,110057,M2R001Q01,Van Stadens - Upper,25.2241783,-33.8521309,RESERVOIR, ,0,1.16859885e-12,0.00541151800266919,1.16859875067624e-06
545,4.68275139e-05,0.0861919746,546,584,L9R001Q01,Loerie,25.0408592,-33.8644905,RESERVOIR, ,0,4.68275141e-11,0.0861919784088538,4.68275129011397e-05
546,7.39784446e-05,0.0760064051,547,284,H3R001Q01,Poortjieskloof,20.3720341,-33.8671112,RESERVOIR, ,0,7.39784414e-11,0.0760064077908351,7.39784431274667e-05
547,2.72245234e-06,0.01458993,548,110056, ,Van Stadens - Lower,25.2099571,-33.8820915,RESERVOIR, ,0,2.72245225e-12,0.0145899286813831,2.72245105193e-06
548,5.30632678e-06,0.0157152396,549,110068,K2R001Q01,Ernest Robertson,22.1733055,-33.9014015,RESERVOIR, ,0,5.30632699e-12,0.0157152399475448,5.30632636319515e-06
549,0.000532582635,0.124509431,550,110105, ,Berg River,19.0609207,-33.9238586,RESERVOIR,Skuifraam,0,5.32582645e-10,0.124509433543372,0.00053258261473108
550,3.88487751e-06,0.013240098,551,110053,K3R001Q01,Swart River,22.4951096,-33.9106102,RESERVOIR,George Dam,0,3.88487766e-12,0.0132400983445265,3.88487726566023e-06
551,5.39001994e-05,0.0734129772,552,574,H6R002Q01,Elandskloof,19.286375,-33.9434013,RESERVOIR, ,0,5.39002003e-11,0.073412975395,5.39001989524878e-05
552,9.91952038e-06,0.0236194972,553,581,H4R003Q01,Klipberg,19.792717,-33.9414101,RESERVOIR, ,0,9.91952007e-12,0.0236194968875652,9.91952184896618e-06
553,2.82479486e-05,0.0620904751,554,110070,K3R002Q01,Garden Route,22.5134087,-33.9624596,RESERVOIR,Tuinroete,0,2.82479491e-11,0.062090476658781,2.82479481314762e-05
554,5.7223333e-06,0.0139542259,555,580,G2R001Q01,Kleinplaas,18.9440918,-33.9754486,RESERVOIR, ,0,5.7223332e-12,0.0139542258967961,5.72233323549486e-06
555,4.62335738e-05,0.107055902,556,573,H8R001Q01,Duiwenhoks,20.9580612,-33.98703,RESERVOIR,Duiwenhoksrivier,0,4.62335725e-11,0.107055896138476,4.62335729212838e-05
556,0.000242910843,0.210759819,557,218,K9R001Q01,Krom River,24.4857273,-33.993721,RESERVOIR,Churchill,0,2.4291083e-10,0.21075981632728,0.000242910836755685
557,0.000977906864,0.456537306,558,285,K4R002Q01,Swartvlei,22.7622185,-33.9991112,NATURAL, ,0,9.77906867e-10,0.456537301239265,0.000977906907179327
558,0.00507639581,0.812252998,559,291,H6R001Q01,Theewaterskloof,19.2026005,-34.0251007,RESERVOIR, ,0,5.07639575e-09,0.81225297083085,0.00507639576518349
559,0.0001940332,0.0845767781,560,554,K3R004Q01,Upper Langvlei,22.6777973,-33.9868317,NATURAL, ,0,1.94033206e-10,0.0845767786504554,0.000194033207439659
560,0.000131991837,0.0593040884,561,553,K3R005Q01,Lower Langvlei,22.6446171,-33.9950294,NATURAL, ,0,1.31991834e-10,0.0593040878107856,0.000131991830791411
561,2.96324179e-05,0.0757891387,562,110054,K3R006Q01,Touws River Estuary,22.5919437,-33.9934998,NATURAL,Wilderness Lagoon,0,2.9632418e-11,0.0757891379319265,2.96324204864826e-05
562,0.000104493964,0.0384142101,563,555,K3R003Q01,Rondevlei K,22.7104759,-33.9951286,NATURAL, ,0,1.04493962e-10,0.0384142106977512,0.000104493959884014
563,0.000102148188,0.0777611807,564,583,H9R001Q01,Korinte-Vet,21.1659508,-34.0032196,RESERVOIR, ,0,1.02148193e-10,0.0777611828298478,0.000102148194968185
564,3.93132723e-06,0.00827109162,565,110040, , ,22.6422386,-33.9909592,ISLAND, ,0,3.93132705e-12,0.0082710914282231,3.93132741861356e-06
565,0.000290037424,0.187672794,566,286, ,Keurbooms Estuary,23.3949089,-34.02742,NATURAL, ,0,2.90037411e-10,0.187672797581173,0.000290037424881715
566,0.000124900194,0.110822752,567,188,H7R001Q01,Buffeljags,20.5403442,-34.0102692,RESERVOIR, ,0,1.24900187e-10,0.110822752493717,0.000124900193246677
567,0.00166855508,0.467508078,568,289,K5R001Q01,Knysna Lagoon,23.0457687,-34.055481,NATURAL, ,0,1.66855507e-09,0.467508076198603,0.00166855503254074
568,1.84014134e-05,0.0243391376,569,288, , ,23.401165,-34.0090218,ISLAND, ,0,1.84014141e-11,0.0243391379802092,1.84014160974407e-05
569,0.00033043162,0.118744731,570,110055,K4R001Q01,Groenvlei,22.8571949,-34.0293007,NATURAL, ,0,3.30431627e-10,0.118744734299877,0.000330431607065895
570,0.000661166676,0.611030281,571,110073,K9R002Q01,Impofu,24.6697521,-34.0797081,RESERVOIR,Elandsjagt,0,6.61166677e-10,0.611030270609966,0.00066116666151015
571,9.38205631e-05,0.0439080782,572,289,K5R001Q01,Thesen Island,23.0548992,-34.0479012,ISLAND, ,0,9.38205624e-11,0.0439080776240822,9.38205678620597e-05
572,0.000231212194,0.0925605297,573,292, ,Zeekoevlei,18.513464,-34.0596619,NATURAL, ,0,2.31212188e-10,0.0925605304309581,0.000231212193222956
573,3.18272105e-05,0.0338456891,574,582,K1R002Q01,Klipheuwel,22.1416187,-34.0536995,RESERVOIR, ,0,3.1827211e-11,0.033845690385485,3.18272112626652e-05
574,5.4927219e-05,0.0410206616,575,293, ,Rondevlei G,18.4994259,-34.0625916,NATURAL, ,0,5.4927219e-11,0.0410206623769359,5.49272200903473e-05
575,7.22095137e-07,0.00345579046,576,292, ,Zeekoevlei,18.513319,-34.060791,ISLAND, ,0,7.22095127e-13,0.00345578972578334,7.22095110979167e-07
576,6.84607949e-05,0.0462795831,577,289,K5R001Q01,Leisure Isle,23.0599709,-34.066349,ISLAND, ,0,6.84607926e-11,0.0462795847640338,6.84607925208645e-05
577,9.16298814e-06,0.0169795845,578,190, ,Fortuin083,19.1715469,-34.0697899,RESERVOIR, ,0,9.16298808e-12,0.0169795829488527,9.16298740101594e-06
578,0.000296300597,0.194188595,579,295, ,Zeekoevlei Works,18.5121555,-34.0870399,MAT. POND, ,0,2.96300595e-10,0.194188599321042,0.000296300604385608
579,9.8166005e-05,0.20811294,580,296, ,Zandvlei,18.4683342,-34.0889587,NATURAL,Sandvlei,0,9.81660031e-11,0.208112943687671,9.81660058424657e-05
580,8.02565337e-05,0.0625130907,581,189,K1R001Q01,Hartebeeskuil,21.9985294,-34.0950089,RESERVOIR,Hartbeeskuil,0,8.02565306e-11,0.0625130904947733,8.02565341158209e-05
581,1.18875359e-05,0.0212001782,582,296, ,Zandvlei,18.4758301,-34.0854683,ISLAND,Sandvlei,0,1.18875361e-11,0.0212001800336656,1.18875357251973e-05
582,2.50832309e-05,0.0205944274,583,191, ,Nuweberg,19.0530376,-34.087719,RESERVOIR, ,0,2.50832306e-11,0.02059442665034,2.50832306163882e-05
583,4.36503033e-05,0.0245565418,584,294, ,Paardevlei,18.8147984,-34.0887985,NATURAL, ,0,4.36503021e-11,0.0245565412923925,4.36503017604679e-05
584,1.54218651e-05,0.0169095565,585,296, ,Zandvlei,18.472578,-34.0887909,ISLAND,Sandvlei,0,1.54218652e-11,0.0169095565108151,1.54218649809449e-05
585,3.2447133e-07,0.00207800977,586,296, ,Zandvlei,18.4696007,-34.0863609,ISLAND,Sandvlei,0,3.24471325e-13,0.00207801010206906,3.24471295775747e-07
586,1.91639629e-06,0.00893475115,587,110093,H6R003Q01,Zwiegelaars,19.119997,-34.0960083,RESERVOIR, ,0,1.9163963e-12,0.00893475077409742,1.91639670446793e-06
587,5.64214533e-05,0.0501653366,588,297, ,Noordhoek lagoon,18.356041,-34.1063805,NATURAL, ,0,5.64214543e-11,0.0501653364493753,5.6421454442427e-05
588,0.000191676518,0.069379203,589,207,G4R002Q01,Eikenhof,19.0320683,-34.1219406,RESERVOIR, ,0,1.91676522e-10,0.0693792037160073,0.000191676523137152
589,2.04832686e-05,0.0389683992,590,298, ,Noordhoek Soutpan,18.3781891,-34.1207695,NATURAL, ,0,2.04832679e-11,0.0389683976838895,2.0483267920867e-05
590,5.21998991e-05,0.0385056958,591,299, ,Kommetjie lagoon,18.351944,-34.1223793,NATURAL, ,0,5.21999007e-11,0.038505694199849,5.21998996679701e-05
591,2.66636125e-05,0.0338663906,592,300, ,Wildevoelvlei,18.356554,-34.1365814,NATURAL, ,0,2.66636123e-11,0.0338663911367422,2.66636131249918e-05
592,0.000269939948,0.151750416,593,558,G4R007Q01,Steenbras (Upper),18.9166203,-34.1632881,RESERVOIR, ,0,2.69939959e-10,0.15175041798429,0.000269939959192562
593,7.55051587e-07,0.003781548,594,557, , ,18.9216728,-34.1636391,ISLAND, ,0,7.55051566e-13,0.00378154787848009,7.55051533789379e-07
594,6.63059473e-06,0.0116090644,595,556, , ,18.9133091,-34.1673012,ISLAND, ,0,6.63059451e-12,0.0116090646636788,6.63059475064455e-06
595,0.000348683476,0.182997778,596,301,G4R001Q01,Steenbras (Lower),18.8716526,-34.1792412,RESERVOIR, ,0,3.48683471e-10,0.182997778339618,0.000348683469557083
596,1.94792592e-05,0.0249232277,597,110098, ,Kleinplaas S,18.3882084,-34.1721306,RESERVOIR, ,0,1.94792585e-11,0.024923228096472,1.94792586181661e-05
597,3.52114803e-05,0.0247157589,598,595, ,Grootvlei G,18.9771194,-34.1783295,RESERVOIR,Peninsula,0,3.52114796e-11,0.0247157600854926,3.52114792186799e-05
598,6.89760709e-05,0.0366081372,599,596,G4R008Q01,Rockview,18.9514542,-34.1829605,RESERVOIR, ,0,6.89760679e-11,0.0366081364572264,6.89760689326408e-05
599,1.08580016e-05,0.0128178997,600,303, , ,18.8690987,-34.1832504,ISLAND, ,0,1.08580029e-11,0.0128178999103728,1.08580019347395e-05
600,4.47321436e-05,0.0710032657,601,302, ,Applethwaite,18.9871235,-34.1960793,NATURAL, ,0,4.47321451e-11,0.0710032666220624,4.47321422501885e-05
601,0.000140708857,0.131368741,602,560,G4R006Q01,Kogelberg,18.9765644,-34.2073784,RESERVOIR, ,0,1.40708861e-10,0.131368746559448,0.000140708854640676
602,7.10406312e-07,0.00398561312,603,559, , ,18.9749966,-34.2091217,ISLAND, ,0,7.10406289e-13,0.00398561307001882,7.10406406072555e-07
603,6.27159679e-05,0.129161045,604,561,G4R005Q01,Arieskraal,18.979702,-34.2424011,RESERVOIR, ,0,6.27159713e-11,0.129161038134411,6.27159681025309e-05
604,0.00113338453,0.283985853,605,208,G4R003Q01,Bot River Vlei,19.1134987,-34.3464203,NATURAL,Botriviervlei,0,1.1333845e-09,0.283985839501497,0.00113338455984185
605,2.69079865e-05,0.0484060384,606,110051,H9R002Q01,Goukou Estuary,21.4156666,-34.3685417,NATURAL,Goukou River Mouth,0,2.69079863e-11,0.0484060389150224,2.69079874679496e-05
606,3.59137448e-05,0.0416656844,607,110050,G4R010Q01,De Bos,19.2356052,-34.3662491,RESERVOIR, ,0,3.59137442e-11,0.0416656826324413,3.59137446299714e-05
607,0.00101205008,0.397481889,608,209,G4R004Q01,Klein River Vlei,19.354372,-34.4180603,NATURAL, ,0,1.01205011e-09,0.397481888784733,0.00101205007574683
608,0.00046692352,0.357964993,609,219,G5R001Q01,De Hoop Vlei,20.3918495,-34.4520988,NATURAL, ,0,4.669235e-10,0.357964991732115,0.000466923514604845
609,4.19298885e-07,0.00249420712,610,110041, , ,20.394125,-34.4558296,ISLAND, ,0,4.19298873e-13,0.00249420692339118,4.19299186962683e-07
610,0.00034951538,0.100068264,611,193, ,Vogelvlei,19.8792934,-34.6679192,NATURAL, ,0,3.49515389e-10,0.100068262129878,0.000349515375948114
611,0.00158194127,0.188154399,612,110042, ,Soetendalsvlei,19.9821682,-34.7182007,NATURAL, ,0,1.58194124e-09,0.188154399217335,0.00158194127504644
